"","prob",""
"1",0.419061025062225,1
"2",0.657570896241643,1
"3",0.148269344803546,1
"4",0.943177712424362,1
"5",0.433270072391424,1
"6",0.28263155063836,1
"7",0.182919089972979,1
"8",0.340327168234892,1
"9",0.722700627318394,1
"10",0.859615119261189,1
"11",0.237302658147562,1
"12",0.711862291145934,1
"13",0.579738003461266,1
"14",0.89541085419174,1
"15",0.269240053369414,1
"16",0.426888593665211,1
"17",0.668144103232911,1
"18",0.308529600965278,1
"19",0.87302802538453,1
"20",2.00274160134033,1
"21",0.209141091758723,1
"22",0.638812434630776,1
"23",0.806163497710843,1
"24",0.824094922928875,1
"25",0.789680584136209,1
"26",0.242283136714723,1
"27",0.678796153014204,1
"28",0.755575794486131,1
"29",0.766444149392654,1
"30",1.15969697005455,1
"31",0.846147474738058,1
"32",0.147068436404063,1
"33",1.1064397570141,1
"34",0.828731901084018,1
"35",0.826166321044862,1
"36",0.319856665218953,1
"37",0.562089127512636,1
"38",0.802501820937046,1
"39",0.878570564232795,1
"40",0.781063986669413,1
"41",0.732312643281166,1
"42",0.933073289947859,1
"43",0.986251735006406,1
"44",0.825892455611623,1
"45",0.624382511585521,1
"46",0.429388013371192,1
"47",0.169996312340256,1
"48",0.418123447769176,1
"49",0.814156354482586,1
"50",0.43056098311204,1
"51",1.24963267758503,1
"52",0.667800970529637,1
"53",1.03975107334099,1
"54",0.951353711663054,1
"55",0.69216676708538,1
"56",0.44873815513569,1
"57",0.429759524347871,1
"58",0.842463845593005,1
"59",0.411431379251772,1
"60",0.413771606478387,1
"61",1.33385451778092,1
"62",0.41065452842304,1
"63",1.5385966247549,1
"64",0.438065221017073,1
"65",1.02023557751508,1
"66",0.840156536173444,1
"67",0.420341838737214,1
"68",0.938435007911636,1
"69",0.252973911897863,1
"70",0.496028622786317,1
"71",0.524767271573683,1
"72",0.367399242607025,1
"73",0.223681229317702,1
"74",0.789822167241182,1
"75",0.748853226381275,1
"76",0.957715995470733,1
"77",0.548617729266006,1
"78",0.643353764288089,1
"79",0.79237309639021,1
"80",0.753163041355552,1
"81",0.828902618847988,1
"82",0.731325802435232,1
"83",0.58267152007194,1
"84",0.386538238871353,1
"85",0.18497498925479,1
"86",0.245572115843255,1
"87",0.432595400705115,1
"88",0.860728256519,1
"89",0.644022528203336,1
"90",0.571799250312695,1
"91",0.166667201508106,1
"92",0.819787188377573,1
"93",0.399952099231017,1
"94",0.714594014104622,1
"95",0.243748842101636,1
"96",0.896456335709167,1
"97",0.421018698571282,1
"98",0.310563402963672,1
"99",0.42373754846327,1
"100",0.90197743196773,1
"101",0.636220509045502,1
"102",1.11732129564203,1
"103",0.772559699549048,1
"104",0.937549928362653,1
"105",1.30190091124359,1
"106",0.626890468635827,1
"107",0.915522777229103,1
"108",0.713834684935542,1
"109",0.705888690693873,1
"110",0.691605153060036,1
"111",0.86086250757919,1
"112",0.490471263870681,1
"113",0.999905750762687,1
"114",0.90315748883128,1
"115",0.843282385360945,1
"116",1.8053285907642,1
"117",0.195068210597966,1
"118",0.407865217477571,1
"119",0.363366099999733,1
"120",0.252728986826513,1
"121",0.571314772921875,1
"122",0.91801060044316,1
"123",0.71201872442446,1
"124",0.201560811179868,1
"125",0.203594953002229,1
"126",0.744991892440955,1
"127",0.31825729062141,1
"128",0.38140538168743,1
"129",0.698076330978654,1
"130",1.39624703241404,1
"131",0.423256924283506,1
"132",0.752618657090349,1
"133",1.49190284552726,1
"134",1.80240229625023,1
"135",0.574556364064669,1
"136",0.719951120184097,1
"137",0.625350788034589,1
"138",0.266390115179491,1
"139",0.648567800688765,1
"140",1.31565641742726,1
"141",0.47216420519558,1
"142",1.2458347210345,1
"143",0.837386504929677,1
"144",0.658237798066671,1
"145",0.308253466980288,1
"146",0.609491307593346,1
"147",0.406669188732788,1
"148",0.343201703627142,1
"149",1.48072506735711,1
"150",0.325616692225044,1
"151",0.460625974976276,1
"152",0.208698984141866,1
"153",0.59088955588722,1
"154",0.748491333414801,1
"155",0.849250132426659,1
"156",0.240142188952148,1
"157",0.563674140795777,1
"158",0.176030329627415,1
"159",0.941825536543767,1
"160",0.141713610613724,1
"161",0.665298502130509,1
"162",0.823323834217507,1
"163",0.681622896708104,1
"164",0.763958779050096,1
"165",1.02246426178177,1
"166",0.598138394265054,1
"167",1.33371649942845,1
"168",0.80725652903083,1
"169",1.18807045889781,1
"170",0.209997211671571,1
"171",0.26237311903361,1
"172",0.824814680171888,1
"173",0.543082124970869,1
"174",0.309865106573598,1
"175",0.455039852014224,1
"176",0.457732016928544,1
"177",0.341753418246663,1
"178",1.22615346722026,1
"179",0.565938420232462,1
"180",0.552670190374796,1
"181",0.56935956494816,1
"182",0.649437128293962,1
"183",0.584063033243371,1
"184",0.509055831697455,1
"185",0.579524383911105,1
"186",0.530698107985208,1
"187",1.00046650485025,1
"188",0.67821674040844,1
"189",0.736277911587807,1
"190",0.926983444648067,1
"191",1.51954333354188,1
"192",0.783542079715054,1
"193",0.666967304812241,1
"194",0.692529709931599,1
"195",0.964891308086407,1
"196",0.787938509268048,1
"197",0.281130042600812,1
"198",1.18469636157797,1
"199",0.851720817570278,1
"200",0.605797347875776,1
"201",0.52347504163127,1
"202",0.308326897854841,1
"203",0.648152768307409,1
"204",0.623164798548338,1
"205",0.655037709680942,1
"206",0.489524872817325,1
"207",0.620378441931329,1
"208",1.04814344183819,1
"209",1.01124747210777,1
"210",0.36842686405313,1
"211",0.97222228495597,1
"212",0.870798336107541,1
"213",0.792701602907685,1
"214",0.70542450723699,1
"215",0.946106148036679,1
"216",0.972857309726763,1
"217",0.686509462867412,1
"218",0.983744405846124,1
"219",0.125911681340758,1
"220",0.674807334044202,1
"221",1.01442009630177,1
"222",0.801235288162191,1
"223",0.756783012878509,1
"224",1.04276092740512,1
"225",0.942336757221919,1
"226",0.227821995126808,1
"227",0.524681881947778,1
"228",1.09781799411702,1
"229",0.919250848971287,1
"230",1.34073290533632,1
"231",0.380037391895667,1
"232",0.648391110071148,1
"233",0.485987648632518,1
"234",0.341281445185531,1
"235",0.49663952002449,1
"236",1.17603384584034,1
"237",0.425688400173086,1
"238",1.28865698965532,1
"239",0.795045064697974,1
"240",0.376018117766223,1
"241",0.817688829461682,1
"242",1.74237571847887,1
"243",0.258318204472562,1
"244",0.223254484562383,1
"245",0.94355029908389,1
"246",0.808764527798726,1
"247",0.870662396926265,1
"248",0.819386150646663,1
"249",0.803000425767465,1
"250",0.877046657539479,1
"251",0.580426728325628,1
"252",0.76100473170208,1
"253",0.801490907626637,1
"254",1.19428340355884,1
"255",0.14795425824001,1
"256",0.24619209562286,1
"257",0.616685838508441,1
"258",0.449946286837407,1
"259",0.735714327797223,1
"260",0.762702565751925,1
"261",0.133913200354985,1
"262",0.515334572293471,1
"263",0.718893097496184,1
"264",0.814206043361918,1
"265",1.05412022722869,1
"266",0.366684245958664,1
"267",0.717379498291894,1
"268",0.644529290764984,1
"269",0.844068936569381,1
"270",0.266154140592159,1
"271",1.10635781219816,1
"272",0.634967979314342,1
"273",0.58428018327932,1
"274",0.636121901108233,1
"275",1.56983353486955,1
"276",0.766816269572653,1
"277",0.430095773957708,1
"278",0.164324484096544,1
"279",0.704874937658187,1
"280",0.315038675428848,1
"281",1.14142776247509,1
"282",0.840047276885526,1
"283",0.928954145563631,1
"284",0.82350706019035,1
"285",0.661331331874561,1
"286",0.705699240683396,1
"287",0.84950226136814,1
"288",1.85041133902668,1
"289",0.37404143189344,1
"290",1.23851510313344,1
"291",0.586536380057024,1
"292",0.331700445080572,1
"293",0.406118341225585,1
"294",0.835287934540515,1
"295",0.621172252391087,1
"296",0.236742968182541,1
"297",1.19729303823878,1
"298",1.7088435823878,1
"299",0.316706029081869,1
"300",0.481943686931226,1
"301",0.768254818732891,1
"302",0.221530328930947,1
"303",0.573848185500635,1
"304",0.563390000713352,1
"305",1.36470758572724,1
"306",1.12501665444529,1
"307",0.231359895367264,1
"308",0.850708822440116,1
"309",0.665497746046035,1
"310",0.292259862068217,1
"311",0.555340422193691,1
"312",0.793792249525989,1
"313",0.668790483338978,1
"314",0.578367081948737,1
"315",0.729556139846722,1
"316",0.429426677329159,1
"317",1.37347132837061,1
"318",0.823478677253231,1
"319",0.655663690158919,1
"320",0.178771977588225,1
"321",0.401512199086007,1
"322",0.661529838087278,1
"323",0.836563048077625,1
"324",0.502272825049822,1
"325",0.558091361491896,1
"326",1.2830147041979,1
"327",1.18675111907108,1
"328",1.29484213384559,1
"329",0.563945215249348,1
"330",0.558929638677235,1
"331",0.624197340877097,1
"332",0.191817142687378,1
"333",0.687968575284493,1
"334",0.982458311425887,1
"335",0.436192769142096,1
"336",0.549830198867802,1
"337",1.50010140546095,1
"338",0.383324642635118,1
"339",0.570070894404225,1
"340",0.930423827813976,1
"341",0.806452643635398,1
"342",0.291813560162055,1
"343",1.73537388075119,1
"344",1.87012758665812,1
"345",0.321465576641817,1
"346",0.483821348893804,1
"347",0.64774938426128,1
"348",0.408886789122231,1
"349",1.12555818587507,1
"350",0.655995748181537,1
"351",0.50319090790503,1
"352",0.431269981545442,1
"353",0.877922588377215,1
"354",0.801076689046063,1
"355",0.826661796493912,1
"356",0.597957280685832,1
"357",0.518180141076673,1
"358",0.565504853730641,1
"359",0.989767819417352,1
"360",0.599759268584198,1
"361",1.03089919257027,1
"362",0.367747848228803,1
"363",0.356631175353989,1
"364",0.857814927489116,1
"365",0.386305496179105,1
"366",0.800138163679935,1
"367",0.513353017791976,1
"368",0.589878706327077,1
"369",0.888700196769378,1
"370",0.913811482629958,1
"371",1.71633980665572,1
"372",0.164315442529409,1
"373",0.76391679076411,1
"374",0.587988213459735,1
"375",0.274308948114557,1
"376",1.41308398615772,1
"377",0.763836655986631,1
"378",0.178049368240311,1
"379",0.533487703566783,1
"380",0.778881683766867,1
"381",0.461291907032105,1
"382",1.05821526698471,1
"383",0.688548517716344,1
"384",0.206770672197242,1
"385",0.454016258929291,1
"386",1.00568374797872,1
"387",0.215767732170647,1
"388",0.579439603208072,1
"389",0.240603503264683,1
"390",1.0873571466857,1
"391",0.368814519533088,1
"392",0.151335456666509,1
"393",0.774057628067309,1
"394",0.871254109893028,1
"395",0.905460881573673,1
"396",0.357575695627732,1
"397",0.748689224839462,1
"398",0.740439489272958,1
"399",1.61659415330053,1
"400",0.563730730580037,1
"401",1.05045947025886,1
"402",0.951206693731121,1
"403",0.678557458830902,1
"404",1.13668912453917,1
"405",1.32969318611636,1
"406",0.801439201010728,1
"407",1.00624888462567,1
"408",0.952971420707652,1
"409",1.38543012351006,1
"410",0.601844501954995,1
"411",0.307996497912759,1
"412",1.56012897960845,1
"413",0.747485446079259,1
"414",0.238833211270696,1
"415",1.05194821608357,1
"416",0.774365121587266,1
"417",0.945551964957002,1
"418",0.480868198313469,1
"419",0.970797470795803,1
"420",0.80406514526113,1
"421",0.782900568271718,1
"422",0.7980306660673,1
"423",0.60346627125091,1
"424",0.388650239413668,1
"425",0.883650759430494,1
"426",0.972371479191105,1
"427",0.863915540199581,1
"428",0.86394118761156,1
"429",0.714845659281145,1
"430",0.800744658715508,1
"431",0.675782317714562,1
"432",0.66375857917792,1
"433",0.642654960070965,1
"434",1.67386513687519,1
"435",0.934792014704608,1
"436",0.818946021558228,1
"437",0.682726403047829,1
"438",0.523468002793585,1
"439",0.481320919015326,1
"440",0.618742872279581,1
"441",0.755614499752357,1
"442",0.604995328428838,1
"443",0.755098998463681,1
"444",0.892806930960639,1
"445",0.839250406136321,1
"446",0.715250515048624,1
"447",0.769841152629509,1
"448",0.587527475253904,1
"449",0.91506447029256,1
"450",0.950922631157945,1
"451",0.878699491903467,1
"452",0.809023254703967,1
"453",1.50807612226981,1
"454",0.620249870683226,1
"455",0.23118092767293,0
"456",0.57566919811222,0
"457",0.196763083720149,0
"458",0.125720235614651,0
"459",0.181315237304588,0
"460",0.468213746539436,0
"461",0.329640679258042,0
"462",0.168427828476145,0
"463",0.149100616985211,0
"464",0.146048813375243,0
"465",0.42963844926807,0
"466",0.119080459498942,0
"467",0.185427705813153,0
"468",0.492872334159665,0
"469",0.123621931606201,0
"470",0.407823111440096,0
"471",0.121820568117523,0
"472",0.122978825579092,0
"473",0.16542635160775,0
"474",0.119080459498942,0
"475",0.616478960097959,0
"476",0.596303024398524,0
"477",0.139465641072887,0
"478",0.336772361984334,0
"479",0.261691736857893,0
"480",0.125292270557411,0
"481",0.31197789613437,0
"482",0.119080459498942,0
"483",0.402833920712194,0
"484",0.16320019061295,0
"485",0.122256326829849,0
"486",0.262063365017841,0
"487",0.249021012722867,0
"488",0.127884273054751,0
"489",0.201098571658135,0
"490",0.135218697655803,0
"491",0.227203207925245,0
"492",0.129960409766883,0
"493",0.236452329503992,0
"494",0.304015575717866,0
"495",0.190144830626979,0
"496",0.124859610501536,0
"497",0.124215586253179,0
"498",0.119080459498942,0
"499",0.135042464658418,0
"500",0.119406992649155,0
"501",0.302520844748942,0
"502",0.229156005454961,0
"503",0.158858327851198,0
"504",0.124818958842561,0
"505",0.119080459498942,0
"506",0.145537084333009,0
"507",0.128525312636387,0
"508",0.119080459498942,0
"509",0.125751209060896,0
"510",0.186642332499243,0
"511",0.151022585733935,0
"512",0.407914574904811,0
"513",0.261574308477445,0
"514",0.182617358018349,0
"515",0.119080459498942,0
"516",0.127963773574093,0
"517",0.196531172793238,0
"518",0.151916130413812,0
"519",0.122035552546692,0
"520",0.13140356396331,0
"521",0.282167241432569,0
"522",0.175879773302697,0
"523",0.703313294600868,0
"524",0.119080459498942,0
"525",0.146494781762839,0
"526",0.227108743728439,0
"527",0.244258223356203,0
"528",0.237264399111087,0
"529",0.145245476828612,0
"530",0.132187665743483,0
"531",0.199568548048845,0
"532",0.28013521717244,0
"533",0.28443241217272,0
"534",0.119080459498942,0
"535",0.217050141409566,0
"536",0.140301459245519,0
"537",0.125912333828807,0
"538",0.119080459498942,0
"539",0.12398737942932,0
"540",0.122790102041417,0
"541",0.486401650711452,0
"542",0.17495224547629,0
"543",0.321945965422238,0
"544",0.180114095119571,0
"545",0.248826851327233,0
"546",0.137518408178881,0
"547",0.15828302874766,0
"548",0.119080459498942,0
"549",0.661703149753033,0
"550",0.674817204756555,0
"551",0.162818302106345,0
"552",0.227317410553645,0
"553",0.124017442229886,0
"554",0.12013412386006,0
"555",0.341042542506478,0
"556",0.75346675845096,0
"557",0.155907287023941,0
"558",0.31936379609348,0
"559",0.147532867291759,0
"560",0.128554962890977,0
"561",0.135613901398658,0
"562",0.119425618209359,0
"563",0.124517603061075,0
"564",0.731316605308463,0
"565",0.133230053313674,0
"566",0.314255799628475,0
"567",0.131446928584277,0
"568",0.131180834756404,0
"569",0.171942591920579,0
"570",0.119080459498942,0
"571",0.120926079147687,0
"572",0.243511556028144,0
"573",0.119080459498942,0
"574",0.175176398243081,0
"575",0.150328116870159,0
"576",0.201087204685517,0
"577",0.124273785018492,0
"578",0.120493729768565,0
"579",0.127875797087021,0
"580",0.119080459498942,0
"581",0.958421896676328,0
"582",0.240990136062037,0
"583",0.120986303853886,0
"584",0.137084356230641,0
"585",0.778074039520725,0
"586",0.119080459498942,0
"587",0.121789356429774,0
"588",0.165972234449394,0
"589",0.23785800682796,0
"590",0.141397826029311,0
"591",0.156923239309017,0
"592",0.211003840513759,0
"593",0.472462039204736,0
"594",0.12624418251143,0
"595",0.120028208493859,0
"596",0.125335761270756,0
"597",0.282230412251201,0
"598",0.137481923180746,0
"599",0.170679033898727,0
"600",0.148670684340537,0
"601",0.126493585521129,0
"602",0.116066864043875,0
"603",0.135128280549725,0
"604",0.621249469859109,0
"605",0.346898029215913,0
"606",0.135338507420961,0
"607",0.144565825773342,0
"608",0.120109930436373,0
"609",0.119080459498942,0
"610",0.13336356671088,0
"611",0.119080459498942,0
"612",0.119080459498942,0
"613",0.239017678172728,0
"614",0.124286360465159,0
"615",0.129194355120734,0
"616",0.202998871253475,0
"617",0.119425618209359,0
"618",0.140130521069649,0
"619",0.119425618209359,0
"620",0.258162118337958,0
"621",0.12603701744441,0
"622",0.138147518795787,0
"623",0.119752151359572,0
"624",0.121715707537237,0
"625",0.229834648615272,0
"626",0.120731750810212,0
"627",0.713776900665935,0
"628",0.135808303809324,0
"629",0.355377077372869,0
"630",0.234155059108243,0
"631",0.464289472525727,0
"632",0.363721982863178,0
"633",0.134553794884217,0
"634",0.231997284597768,0
"635",0.170933719151579,0
"636",0.787089782767856,0
"637",0.132439418532264,0
"638",0.17426902741471,0
"639",0.115565279832256,0
"640",0.122605234398882,0
"641",0.309814648437913,0
"642",0.28050216023846,0
"643",0.120895793873425,0
"644",0.135954743823257,0
"645",0.133545353219068,0
"646",0.57082354467808,0
"647",0.218706173369787,0
"648",0.397669758895892,0
"649",0.119080459498942,0
"650",0.130576804325302,0
"651",0.158353567831697,0
"652",0.148208597046265,0
"653",0.221546340993184,0
"654",0.119080459498942,0
"655",0.490178099575743,0
"656",0.119685834774627,0
"657",0.150390482570791,0
"658",0.225006299355351,0
"659",0.167134384063791,0
"660",0.171577849788015,0
"661",0.399760569177161,0
"662",0.123270550737983,0
"663",0.233590353949784,0
"664",0.307285642930673,0
"665",0.133614494311431,0
"666",0.119080459498942,0
"667",0.376096599733451,0
"668",0.268620176315263,0
"669",0.128832433568923,0
"670",0.122747102266704,0
"671",0.123515107721399,0
"672",0.30891093247166,0
"673",0.200009962799579,0
"674",0.119752151359572,0
"675",0.142552114629778,0
"676",0.126657015580099,0
"677",0.12944416759742,0
"678",0.122337305592651,0
"679",0.157931800967163,0
"680",0.120734318316729,0
"681",0.126892010665594,0
"682",0.134481520403175,0
"683",0.23616593156935,0
"684",0.267919601574624,0
"685",0.119080459498942,0
"686",0.126050372196359,0
"687",0.162748578211236,0
"688",0.121952540433051,0
"689",0.284005809068671,0
"690",0.367152434898844,0
"691",0.29394313856323,0
"692",0.123755250973328,0
"693",0.137108434701581,0
"694",0.124182985125992,0
"695",0.356726604710472,0
"696",0.139784728098998,0
"697",0.315782659673994,0
"698",0.26373627911814,0
"699",0.119449700733978,0
"700",0.161942224698125,0
"701",0.210599557073281,0
"702",0.156238903136596,0
"703",0.126257694219359,0
"704",0.119080459498942,0
"705",0.417842916655843,0
"706",0.123189927598677,0
"707",0.168924102972849,0
"708",0.152274532954922,0
"709",0.176725743583805,0
"710",0.146098790525404,0
"711",0.12001236792484,0
"712",0.483998806346732,0
"713",0.120442468780406,0
"714",0.138261996695559,0
"715",0.358086237152472,0
"716",0.122158615455117,0
"717",0.194669653568344,0
"718",0.236397711407331,0
"719",0.122684599676585,0
"720",0.196061651767642,0
"721",0.144922076716391,0
"722",0.119406992649155,0
"723",0.119291399260498,0
"724",0.158484496576921,0
"725",0.169661345686782,0
"726",0.145482717221089,0
"727",0.180809558517862,0
"728",0.307110327782846,0
"729",0.13512371565679,0
"730",0.168345410245527,0
"731",0.189370101014132,0
"732",0.148467734542108,0
"733",0.14862119155087,0
"734",0.184314182079581,0
"735",0.307177940120297,0
"736",0.119080459498942,0
"737",0.204595624186213,0
"738",0.119080459498942,0
"739",0.13075735282197,0
"740",0.131429730603883,0
"741",0.188355471157806,0
"742",0.199677223272627,0
"743",0.155199172417726,0
"744",0.119080459498942,0
"745",0.218728969785618,0
"746",0.128225948741063,0
"747",0.13641281915459,0
"748",0.131033145110493,0
"749",0.321582496095476,0
"750",0.193394506748774,0
"751",0.395420587954689,0
"752",0.25214704921319,0
"753",0.145082740366547,0
"754",0.367361546513834,0
"755",0.119080459498942,0
"756",0.124481635539191,0
"757",0.183121738108625,0
"758",0.290047955437282,0
"759",0.178841436177365,0
"760",0.817168126068058,0
"761",0.14542055766356,0
"762",0.124605389335738,0
"763",0.206228878890383,0
"764",0.133023123538251,0
"765",0.125957003454921,0
"766",0.119749872012968,0
"767",0.19070482831052,0
"768",0.119080459498942,0
"769",0.202871088592711,0
"770",0.143347658246705,0
"771",0.135906063323088,0
"772",0.129890532893372,0
"773",0.215913470863175,0
"774",0.262213020659007,0
"775",0.123114250355401,0
"776",0.195928763359186,0
"777",0.150633961282195,0
"778",0.137174838859863,0
"779",0.187658206477755,0
"780",0.173971097934909,0
"781",0.203741454618683,0
"782",0.192768142936675,0
"783",0.366811673870435,0
"784",0.119080459498942,0
"785",0.119080459498942,0
"786",0.129782163777077,0
"787",0.222215541958488,0
"788",0.13990229913811,0
"789",0.126030728938848,0
"790",0.303482180921099,0
"791",0.121456265332094,0
"792",0.271619753209129,0
"793",0.333466322503596,0
"794",0.1697563989949,0
"795",0.131287016482183,0
"796",0.122053845176008,0
"797",0.15424242685169,0
"798",0.241284366453244,0
"799",0.457948580020365,0
"800",0.234200731861702,0
"801",0.291258112788229,0
"802",0.196989247823385,0
"803",0.534419565611483,0
"804",0.859391684850046,0
"805",0.386581631293435,0
"806",0.123224176051828,0
"807",0.119080459498942,0
"808",0.128611232757199,0
"809",0.354106005321096,0
"810",0.123358785375513,0
"811",0.165778299098654,0
"812",0.486770289124129,0
"813",0.200864302853352,0
"814",0.234278774897457,0
"815",0.235820903453409,0
"816",0.468248981578948,0
"817",0.129152269500923,0
"818",0.206875310954354,0
"819",0.121086985072164,0
"820",0.124017101911906,0
"821",0.119080459498942,0
"822",0.119080459498942,0
"823",0.228432946543865,0
"824",0.287851192295092,0
"825",0.119080459498942,0
"826",0.533528539956242,0
"827",0.238672941097097,0
"828",0.136617262783646,0
"829",0.202155546577031,0
"830",0.151468614221103,0
"831",0.119080459498942,0
"832",0.33849826640068,0
"833",0.136984575021481,0
"834",0.162786464768913,0
"835",0.167641499466797,0
"836",0.125738211511591,0
"837",0.23672576666755,0
"838",0.119080459498942,0
"839",0.251902593814712,0
"840",0.24903702420204,0
"841",0.119080459498942,0
"842",0.138629509313311,0
"843",0.343082725638878,0
"844",0.119080459498942,0
"845",0.119080459498942,0
"846",0.186289730194146,0
"847",0.138661091556885,0
"848",0.119406992649155,0
"849",0.329588840399434,0
"850",0.276788805211673,0
"851",0.334304708732316,0
"852",0.221058141678756,0
"853",0.132685262717812,0
"854",0.123246723952027,0
"855",0.126723380981483,0
"856",0.128272000214851,0
"857",0.245724568181444,0
"858",0.282182698156718,0
"859",0.18142334831834,0
"860",0.187069964066096,0
"861",0.401670154055126,0
"862",0.148461266397414,0
"863",0.128975775284338,0
"864",0.119080459498942,0
"865",0.256889291718283,0
"866",0.630547244799363,0
"867",0.227658274478423,0
"868",0.122211322225105,0
"869",0.119080459498942,0
"870",0.144718048796599,0
"871",0.127695197749372,0
"872",0.119901130743062,0
"873",0.238747769755868,0
"874",0.128602526308626,0
"875",0.149732525307873,0
"876",0.591491489551907,0
"877",0.122068647556357,0
"878",0.176796652166744,0
"879",0.142414543844951,0
"880",0.156615103887236,0
"881",0.219027869637616,0
"882",0.201375889021826,0
"883",0.227834838440419,0
"884",0.368369855545582,0
"885",0.146843706193467,0
"886",0.132998116602122,0
"887",0.222768562033135,0
"888",0.119080459498942,0
"889",0.124998302998102,0
"890",0.145070008874098,0
"891",0.226115862143589,0
"892",0.232958369745059,0
"893",0.206871978365535,0
"894",0.462485518520259,0
"895",0.19104681053741,0
"896",0.254148936240773,0
"897",0.251331934359865,0
"898",0.363727689360919,0
"899",0.146216411739801,0
"900",0.119080459498942,0
"901",0.121792686045773,0
"902",0.296182061177899,0
"903",0.336254051102403,0
"904",0.163358983976806,0
"905",0.119080459498942,0
"906",0.370848361637486,0
"907",0.124854818811688,0
"908",0.155553951018724,0
"909",0.131012008471216,0
"910",0.119080459498942,0
"911",0.150829665823561,0
"912",0.127110087809809,0
"913",0.119080459498942,0
"914",0.125409490064962,0
"915",0.126980722394258,0
"916",0.268782213640713,0
"917",0.121363596474539,0
"918",0.153621812114209,0
"919",0.253271513860845,0
"920",0.319450970033905,0
"921",0.142573586287223,0
"922",0.119080459498942,0
"923",0.141289000934518,0
"924",0.423701387205659,0
"925",0.133309236171316,0
"926",0.167197688054564,0
"927",0.124372010067106,0
"928",0.147134906063345,0
"929",0.216675246201467,0
"930",0.232747417040569,0
"931",0.237672298146068,0
"932",0.471503154251999,0
"933",0.262523242012233,0
"934",0.119080459498942,0
"935",0.197354077117806,0
"936",0.191132117270183,0
"937",0.125569839379343,0
"938",0.127082061726203,0
"939",0.207940172428677,0
"940",0.11287975543643,0
"941",0.200737286083098,0
"942",0.209442271091616,0
"943",0.2807372642275,0
"944",0.139439607004918,0
"945",0.279745883022964,0
"946",0.12791415124218,0
"947",0.132575625319275,0
"948",0.207209457581251,0
"949",0.188159183698892,0
"950",0.119080459498942,0
"951",0.120115935630193,0
"952",0.124802085062702,0
"953",0.285807152480265,0
"954",0.213771872371569,0
"955",0.28746377981156,0
"956",0.126320751131898,0
"957",0.211704905688858,0
"958",0.137071815876803,0
"959",0.554314350279785,0
"960",0.593755738357265,0
"961",0.119080459498942,0
"962",0.124951720396554,0
"963",0.289256154561982,0
"964",0.159049979569836,0
"965",0.197742143398117,0
"966",0.208994551965759,0
"967",0.612833057610281,0
"968",0.197036881472274,0
"969",0.119396839733336,0
"970",0.413166159904906,0
"971",0.123164561295036,0
"972",0.135552413637938,0
"973",0.213957079518715,0
"974",0.119080459498942,0
"975",0.185838387766864,0
"976",0.497972392134843,0
"977",0.120869132706539,0
"978",0.2583999340339,0
"979",0.286875756411974,0
"980",0.369986375696255,0
"981",0.144466360187829,0
"982",0.231949081261565,0
"983",0.211090798586005,0
"984",0.792861102908218,0
"985",0.336052954004424,0
"986",0.117417384259452,0
"987",0.243089311425272,0
"988",0.666667559748002,0
"989",0.140665554902038,0
"990",0.119080459498942,0
"991",0.171932207473383,0
"992",0.900146341410851,0
"993",0.602604562710272,0
"994",0.229624502850936,0
"995",0.133547628952342,0
"996",0.119080459498942,0
"997",0.177876254354847,0
"998",0.139833208104836,0
"999",0.1349076579548,0
"1000",0.267264916400951,0
"1001",0.134046255219366,0
"1002",0.125511205565641,0
"1003",0.285123376613603,0
"1004",0.641741172203508,0
"1005",0.458856138106704,0
"1006",0.470167444434631,0
"1007",0.22108339391628,0
"1008",0.264342061764903,0
"1009",0.119080459498942,0
"1010",0.135164888535501,0
"1011",0.341453048168503,0
"1012",0.121491954779408,0
"1013",0.123568436630253,0
"1014",0.134900638915253,0
"1015",0.137952892134139,0
"1016",0.143463059189728,0
"1017",0.123816015847728,0
"1018",0.120976911778694,0
"1019",0.12413055129577,0
"1020",0.142772460361886,0
"1021",0.131176228186252,0
"1022",0.123758023937805,0
"1023",0.127421704749981,0
"1024",0.175304407875928,0
"1025",0.124435368823779,0
"1026",0.223474408514896,0
"1027",0.124693639967822,0
"1028",0.121415453366401,0
"1029",0.204794542565879,0
"1030",0.254656260771981,0
"1031",0.127959709533106,0
"1032",0.120946540257668,0
"1033",0.124393888438175,0
"1034",0.119080459498942,0
"1035",0.143880908600622,0
"1036",0.130433242204019,0
"1037",0.125269804473118,0
"1038",0.21886673937443,0
"1039",0.127242846909875,0
"1040",0.29116099374998,0
"1041",0.147490125522936,0
"1042",0.137942149457264,0
"1043",0.195566088479839,0
"1044",0.135579965145627,0
"1045",0.494051019369006,0
"1046",0.193548374061929,0
"1047",0.215453293971352,0
"1048",0.30468867578813,0
"1049",0.288689546895888,0
"1050",0.285145570383765,0
"1051",0.18776822475806,0
"1052",0.119080459498942,0
"1053",0.125019377217797,0
"1054",0.153902324434893,0
"1055",0.163957660552014,0
"1056",0.206138802288246,0
"1057",0.126348557217431,0
"1058",0.134143714012968,0
"1059",0.147481972695922,0
"1060",0.123955668898475,0
"1061",0.120628261953966,0
"1062",0.119425618209359,0
"1063",0.124393342984611,0
"1064",0.182356914205276,0
"1065",0.470371052378301,0
"1066",0.33283817177755,0
"1067",0.156980445313497,0
"1068",0.13204821881619,0
"1069",0.13767288967951,0
"1070",0.120342471038471,0
"1071",0.576971842212893,0
"1072",0.230777702115472,0
