"","FECHA","Nro_Vehiculos","NRO_TOTAL_VEHICULOS"
"1",2012-01-01,0,0
"2",2012-01-02,656,656
"3",2012-01-03,828,828
"4",2012-01-04,949,949
"5",2012-01-05,972,972
"6",2012-01-06,1012,1012
"7",2012-01-07,300,300
"8",2012-01-08,3,3
"9",2012-01-09,41,41
"10",2012-01-10,911,911
"11",2012-01-11,1044,1044
"12",2012-01-12,1069,1069
"13",2012-01-13,1113,1113
"14",2012-01-14,329,329
"15",2012-01-15,3,3
"16",2012-01-16,793,793
"17",2012-01-17,1001,1001
"18",2012-01-18,1147,1147
"19",2012-01-19,1175,1175
"20",2012-01-20,1223,1223
"21",2012-01-21,362,362
"22",2012-01-22,3,3
"23",2012-01-23,871,871
"24",2012-01-24,1100,1100
"25",2012-01-25,1261,1261
"26",2012-01-26,1291,1291
"27",2012-01-27,1344,1344
"28",2012-01-28,398,398
"29",2012-01-29,4,4
"30",2012-01-30,958,958
"31",2012-01-31,1209,1209
"32",2012-02-01,912,912
"33",2012-02-02,934,934
"34",2012-02-03,973,973
"35",2012-02-04,288,288
"36",2012-02-05,3,3
"37",2012-02-06,693,693
"38",2012-02-07,875,875
"39",2012-02-08,1003,1003
"40",2012-02-09,1027,1027
"41",2012-02-10,1069,1069
"42",2012-02-11,317,317
"43",2012-02-12,3,3
"44",2012-02-13,762,762
"45",2012-02-14,962,962
"46",2012-02-15,1102,1102
"47",2012-02-16,1129,1129
"48",2012-02-17,1175,1175
"49",2012-02-18,348,348
"50",2012-02-19,3,3
"51",2012-02-20,837,837
"52",2012-02-21,1057,1057
"53",2012-02-22,1212,1212
"54",2012-02-23,1241,1241
"55",2012-02-24,1292,1292
"56",2012-02-25,383,383
"57",2012-02-26,4,4
"58",2012-02-27,920,920
"59",2012-02-28,1162,1162
"60",2012-02-29,1332,1332
"61",2012-03-01,1009,1009
"62",2012-03-02,1050,1050
"63",2012-03-03,311,311
"64",2012-03-04,3,3
"65",2012-03-05,748,748
"66",2012-03-06,945,945
"67",2012-03-07,1083,1083
"68",2012-03-08,1109,1109
"69",2012-03-09,1154,1154
"70",2012-03-10,342,342
"71",2012-03-11,3,3
"72",2012-03-12,822,822
"73",2012-03-13,1038,1038
"74",2012-03-14,1190,1190
"75",2012-03-15,1219,1219
"76",2012-03-16,1269,1269
"77",2012-03-17,376,376
"78",2012-03-18,4,4
"79",2012-03-19,51,51
"80",2012-03-20,1141,1141
"81",2012-03-21,1308,1308
"82",2012-03-22,1340,1340
"83",2012-03-23,1395,1395
"84",2012-03-24,413,413
"85",2012-03-25,4,4
"86",2012-03-26,994,994
"87",2012-03-27,1255,1255
"88",2012-03-28,1438,1438
"89",2012-03-29,1472,1472
"90",2012-03-30,1533,1533
"91",2012-03-31,454,454
"92",2012-04-01,1,1
"93",2012-04-02,362,362
"94",2012-04-03,457,457
"95",2012-04-04,524,524
"96",2012-04-05,537,537
"97",2012-04-06,559,559
"98",2012-04-07,165,165
"99",2012-04-08,3,3
"100",2012-04-09,790,790
"101",2012-04-10,998,998
"102",2012-04-11,1144,1144
"103",2012-04-12,1171,1171
"104",2012-04-13,1219,1219
"105",2012-04-14,361,361
"106",2012-04-15,3,3
"107",2012-04-16,869,869
"108",2012-04-17,1097,1097
"109",2012-04-18,1257,1257
"110",2012-04-19,1287,1287
"111",2012-04-20,1340,1340
"112",2012-04-21,397,397
"113",2012-04-22,4,4
"114",2012-04-23,955,955
"115",2012-04-24,1206,1206
"116",2012-04-25,1382,1382
"117",2012-04-26,1415,1415
"118",2012-04-27,1473,1473
"119",2012-04-28,436,436
"120",2012-04-29,4,4
"121",2012-04-30,1049,1049
"122",2012-05-01,52,52
"123",2012-05-02,1060,1060
"124",2012-05-03,1085,1085
"125",2012-05-04,1130,1130
"126",2012-05-05,334,334
"127",2012-05-06,3,3
"128",2012-05-07,805,805
"129",2012-05-08,1016,1016
"130",2012-05-09,1165,1165
"131",2012-05-10,1193,1193
"132",2012-05-11,1242,1242
"133",2012-05-12,368,368
"134",2012-05-13,0,0
"135",2012-05-14,885,885
"136",2012-05-15,1117,1117
"137",2012-05-16,1280,1280
"138",2012-05-17,1311,1311
"139",2012-05-18,1365,1365
"140",2012-05-19,404,404
"141",2012-05-20,4,4
"142",2012-05-21,55,55
"143",2012-05-22,1228,1228
"144",2012-05-23,1407,1407
"145",2012-05-24,1441,1441
"146",2012-05-25,1500,1500
"147",2012-05-26,444,444
"148",2012-05-27,4,4
"149",2012-05-28,1069,1069
"150",2012-05-29,1350,1350
"151",2012-05-30,1547,1547
"152",2012-05-31,1584,1584
"153",2012-06-01,1086,1086
"154",2012-06-02,321,321
"155",2012-06-03,3,3
"156",2012-06-04,773,773
"157",2012-06-05,977,977
"158",2012-06-06,1119,1119
"159",2012-06-07,1146,1146
"160",2012-06-08,1193,1193
"161",2012-06-09,353,353
"162",2012-06-10,3,3
"163",2012-06-11,48,48
"164",2012-06-12,1073,1073
"165",2012-06-13,1230,1230
"166",2012-06-14,1260,1260
"167",2012-06-15,1312,1312
"168",2012-06-16,388,388
"169",2012-06-17,4,4
"170",2012-06-18,53,53
"171",2012-06-19,1180,1180
"172",2012-06-20,1352,1352
"173",2012-06-21,1385,1385
"174",2012-06-22,1442,1442
"175",2012-06-23,427,427
"176",2012-06-24,4,4
"177",2012-06-25,1027,1027
"178",2012-06-26,1297,1297
"179",2012-06-27,1486,1486
"180",2012-06-28,1522,1522
"181",2012-06-29,1585,1585
"182",2012-06-30,469,469
"183",2012-07-01,3,3
"184",2012-07-02,44,44
"185",2012-07-03,995,995
"186",2012-07-04,1140,1140
"187",2012-07-05,1167,1167
"188",2012-07-06,1215,1215
"189",2012-07-07,360,360
"190",2012-07-08,3,3
"191",2012-07-09,866,866
"192",2012-07-10,1093,1093
"193",2012-07-11,1253,1253
"194",2012-07-12,1283,1283
"195",2012-07-13,1336,1336
"196",2012-07-14,396,396
"197",2012-07-15,4,4
"198",2012-07-16,952,952
"199",2012-07-17,1202,1202
"200",2012-07-18,1377,1377
"201",2012-07-19,1410,1410
"202",2012-07-20,83,83
"203",2012-07-21,435,435
"204",2012-07-22,4,4
"205",2012-07-23,1046,1046
"206",2012-07-24,1321,1321
"207",2012-07-25,1514,1514
"208",2012-07-26,1550,1550
"209",2012-07-27,1614,1614
"210",2012-07-28,478,478
"211",2012-07-29,5,5
"212",2012-07-30,1150,1150
"213",2012-07-31,1452,1452
"214",2012-08-01,1095,1095
"215",2012-08-02,1122,1122
"216",2012-08-03,1168,1168
"217",2012-08-04,346,346
"218",2012-08-05,3,3
"219",2012-08-06,832,832
"220",2012-08-07,59,59
"221",2012-08-08,1204,1204
"222",2012-08-09,1233,1233
"223",2012-08-10,1284,1284
"224",2012-08-11,380,380
"225",2012-08-12,4,4
"226",2012-08-13,915,915
"227",2012-08-14,1155,1155
"228",2012-08-15,1324,1324
"229",2012-08-16,1355,1355
"230",2012-08-17,1411,1411
"231",2012-08-18,418,418
"232",2012-08-19,4,4
"233",2012-08-20,57,57
"234",2012-08-21,1269,1269
"235",2012-08-22,1455,1455
"236",2012-08-23,1490,1490
"237",2012-08-24,1551,1551
"238",2012-08-25,459,459
"239",2012-08-26,4,4
"240",2012-08-27,1105,1105
"241",2012-08-28,1395,1395
"242",2012-08-29,1599,1599
"243",2012-08-30,1638,1638
"244",2012-08-31,1705,1705
"245",2012-09-01,332,332
"246",2012-09-02,3,3
"247",2012-09-03,800,800
"248",2012-09-04,1010,1010
"249",2012-09-05,1157,1157
"250",2012-09-06,1185,1185
"251",2012-09-07,1234,1234
"252",2012-09-08,365,365
"253",2012-09-09,3,3
"254",2012-09-10,879,879
"255",2012-09-11,1110,1110
"256",2012-09-12,1272,1272
"257",2012-09-13,1302,1302
"258",2012-09-14,1356,1356
"259",2012-09-15,401,401
"260",2012-09-16,4,4
"261",2012-09-17,966,966
"262",2012-09-18,1220,1220
"263",2012-09-19,1398,1398
"264",2012-09-20,1432,1432
"265",2012-09-21,1491,1491
"266",2012-09-22,441,441
"267",2012-09-23,4,4
"268",2012-09-24,1062,1062
"269",2012-09-25,1341,1341
"270",2012-09-26,1537,1537
"271",2012-09-27,1574,1574
"272",2012-09-28,1638,1638
"273",2012-09-29,485,485
"274",2012-09-30,5,5
"275",2012-10-01,814,814
"276",2012-10-02,1028,1028
"277",2012-10-03,1178,1178
"278",2012-10-04,1207,1207
"279",2012-10-05,1256,1256
"280",2012-10-06,372,372
"281",2012-10-07,4,4
"282",2012-10-08,895,895
"283",2012-10-09,1130,1130
"284",2012-10-10,1295,1295
"285",2012-10-11,1327,1327
"286",2012-10-12,1381,1381
"287",2012-10-13,409,409
"288",2012-10-14,4,4
"289",2012-10-15,55,55
"290",2012-10-16,1242,1242
"291",2012-10-17,1424,1424
"292",2012-10-18,1458,1458
"293",2012-10-19,1518,1518
"294",2012-10-20,449,449
"295",2012-10-21,4,4
"296",2012-10-22,1081,1081
"297",2012-10-23,1366,1366
"298",2012-10-24,1565,1565
"299",2012-10-25,1603,1603
"300",2012-10-26,1669,1669
"301",2012-10-27,494,494
"302",2012-10-28,5,5
"303",2012-10-29,1189,1189
"304",2012-10-30,1501,1501
"305",2012-10-31,2185,2185
"306",2012-11-01,1160,1160
"307",2012-11-02,1207,1207
"308",2012-11-03,357,357
"309",2012-11-04,3,3
"310",2012-11-05,49,49
"311",2012-11-06,1086,1086
"312",2012-11-07,1245,1245
"313",2012-11-08,1275,1275
"314",2012-11-09,1327,1327
"315",2012-11-10,393,393
"316",2012-11-11,4,4
"317",2012-11-12,53,53
"318",2012-11-13,1194,1194
"319",2012-11-14,1368,1368
"320",2012-11-15,1401,1401
"321",2012-11-16,1459,1459
"322",2012-11-17,432,432
"323",2012-11-18,4,4
"324",2012-11-19,1039,1039
"325",2012-11-20,1312,1312
"326",2012-11-21,1504,1504
"327",2012-11-22,1540,1540
"328",2012-11-23,1604,1604
"329",2012-11-24,475,475
"330",2012-11-25,4,4
"331",2012-11-26,1142,1142
"332",2012-11-27,1442,1442
"333",2012-11-28,1653,1653
"334",2012-11-29,1693,1693
"335",2012-11-30,1763,1763
"336",2012-12-01,364,364
"337",2012-12-02,3,3
"338",2012-12-03,876,876
"339",2012-12-04,1106,1106
"340",2012-12-05,1268,1268
"341",2012-12-06,1298,1298
"342",2012-12-07,1352,1352
"343",2012-12-08,23,23
"344",2012-12-09,4,4
"345",2012-12-10,963,963
"346",2012-12-11,1216,1216
"347",2012-12-12,1394,1394
"348",2012-12-13,1427,1427
"349",2012-12-14,1486,1486
"350",2012-12-15,440,440
"351",2012-12-16,4,4
"352",2012-12-17,1058,1058
"353",2012-12-18,1337,1337
"354",2012-12-19,1532,1532
"355",2012-12-20,1569,1569
"356",2012-12-21,1633,1633
"357",2012-12-22,484,484
"358",2012-12-23,5,5
"359",2012-12-24,1163,1163
"360",2012-12-25,0,0
"361",2012-12-26,1684,1684
"362",2012-12-27,1724,1724
"363",2012-12-28,1795,1795
"364",2012-12-29,532,532
"365",2012-12-30,5,5
"366",2012-12-31,356,356
"367",2013-01-01,0,0
"368",2013-01-02,855,855
"369",2013-01-03,875,875
"370",2013-01-04,911,911
"371",2013-01-05,270,270
"372",2013-01-06,3,3
"373",2013-01-07,649,649
"374",2013-01-08,820,820
"375",2013-01-09,939,939
"376",2013-01-10,962,962
"377",2013-01-11,1002,1002
"378",2013-01-12,297,297
"379",2013-01-13,3,3
"380",2013-01-14,40,40
"381",2013-01-15,901,901
"382",2013-01-16,1033,1033
"383",2013-01-17,1057,1057
"384",2013-01-18,1101,1101
"385",2013-01-19,326,326
"386",2013-01-20,3,3
"387",2013-01-21,784,784
"388",2013-01-22,990,990
"389",2013-01-23,1135,1135
"390",2013-01-24,1162,1162
"391",2013-01-25,1210,1210
"392",2013-01-26,358,358
"393",2013-01-27,3,3
"394",2013-01-28,862,862
"395",2013-01-29,1088,1088
"396",2013-01-30,1248,1248
"397",2013-01-31,1278,1278
"398",2013-02-01,876,876
"399",2013-02-02,259,259
"400",2013-02-03,2,2
"401",2013-02-04,624,624
"402",2013-02-05,788,788
"403",2013-02-06,903,903
"404",2013-02-07,924,924
"405",2013-02-08,962,962
"406",2013-02-09,285,285
"407",2013-02-10,3,3
"408",2013-02-11,686,686
"409",2013-02-12,866,866
"410",2013-02-13,992,992
"411",2013-02-14,1016,1016
"412",2013-02-15,1058,1058
"413",2013-02-16,313,313
"414",2013-02-17,3,3
"415",2013-02-18,754,754
"416",2013-02-19,952,952
"417",2013-02-20,1091,1091
"418",2013-02-21,1117,1117
"419",2013-02-22,1163,1163
"420",2013-02-23,344,344
"421",2013-02-24,3,3
"422",2013-02-25,828,828
"423",2013-02-26,1046,1046
"424",2013-02-27,1199,1199
"425",2013-02-28,1228,1228
"426",2013-03-01,1002,1002
"427",2013-03-02,297,297
"428",2013-03-03,3,3
"429",2013-03-04,714,714
"430",2013-03-05,901,901
"431",2013-03-06,1033,1033
"432",2013-03-07,1058,1058
"433",2013-03-08,1101,1101
"434",2013-03-09,326,326
"435",2013-03-10,3,3
"436",2013-03-11,784,784
"437",2013-03-12,991,991
"438",2013-03-13,1135,1135
"439",2013-03-14,1163,1163
"440",2013-03-15,1210,1210
"441",2013-03-16,358,358
"442",2013-03-17,3,3
"443",2013-03-18,862,862
"444",2013-03-19,1089,1089
"445",2013-03-20,1248,1248
"446",2013-03-21,1278,1278
"447",2013-03-22,1330,1330
"448",2013-03-23,394,394
"449",2013-03-24,2,2
"450",2013-03-25,478,478
"451",2013-03-26,603,603
"452",2013-03-27,691,691
"453",2013-03-28,708,708
"454",2013-03-29,737,737
"455",2013-03-30,218,218
"456",2013-03-31,4,4
"457",2013-04-01,686,686
"458",2013-04-02,866,866
"459",2013-04-03,992,992
"460",2013-04-04,1016,1016
"461",2013-04-05,1058,1058
"462",2013-04-06,313,313
"463",2013-04-07,3,3
"464",2013-04-08,754,754
"465",2013-04-09,952,952
"466",2013-04-10,1091,1091
"467",2013-04-11,1117,1117
"468",2013-04-12,1163,1163
"469",2013-04-13,344,344
"470",2013-04-14,3,3
"471",2013-04-15,829,829
"472",2013-04-16,1046,1046
"473",2013-04-17,1199,1199
"474",2013-04-18,1228,1228
"475",2013-04-19,1278,1278
"476",2013-04-20,379,379
"477",2013-04-21,4,4
"478",2013-04-22,911,911
"479",2013-04-23,1150,1150
"480",2013-04-24,1318,1318
"481",2013-04-25,1350,1350
"482",2013-04-26,1405,1405
"483",2013-04-27,416,416
"484",2013-04-28,4,4
"485",2013-04-29,1001,1001
"486",2013-04-30,1264,1264
"487",2013-05-01,57,57
"488",2013-05-02,1035,1035
"489",2013-05-03,1078,1078
"490",2013-05-04,319,319
"491",2013-05-05,3,3
"492",2013-05-06,768,768
"493",2013-05-07,969,969
"494",2013-05-08,1111,1111
"495",2013-05-09,1138,1138
"496",2013-05-10,1185,1185
"497",2013-05-11,351,351
"498",2013-05-12,0,0
"499",2013-05-13,48,48
"500",2013-05-14,1066,1066
"501",2013-05-15,1221,1221
"502",2013-05-16,1251,1251
"503",2013-05-17,1302,1302
"504",2013-05-18,386,386
"505",2013-05-19,4,4
"506",2013-05-20,928,928
"507",2013-05-21,1171,1171
"508",2013-05-22,1342,1342
"509",2013-05-23,1375,1375
"510",2013-05-24,1431,1431
"511",2013-05-25,424,424
"512",2013-05-26,4,4
"513",2013-05-27,1020,1020
"514",2013-05-28,1288,1288
"515",2013-05-29,1476,1476
"516",2013-05-30,1511,1511
"517",2013-05-31,1573,1573
"518",2013-06-01,307,307
"519",2013-06-02,3,3
"520",2013-06-03,42,42
"521",2013-06-04,932,932
"522",2013-06-05,1068,1068
"523",2013-06-06,1093,1093
"524",2013-06-07,1138,1138
"525",2013-06-08,337,337
"526",2013-06-09,3,3
"527",2013-06-10,46,46
"528",2013-06-11,1024,1024
"529",2013-06-12,1174,1174
"530",2013-06-13,1202,1202
"531",2013-06-14,1251,1251
"532",2013-06-15,370,370
"533",2013-06-16,3,3
"534",2013-06-17,891,891
"535",2013-06-18,1126,1126
"536",2013-06-19,1290,1290
"537",2013-06-20,1321,1321
"538",2013-06-21,1375,1375
"539",2013-06-22,407,407
"540",2013-06-23,4,4
"541",2013-06-24,980,980
"542",2013-06-25,1237,1237
"543",2013-06-26,1418,1418
"544",2013-06-27,1452,1452
"545",2013-06-28,1512,1512
"546",2013-06-29,448,448
"547",2013-06-30,4,4
"548",2013-07-01,42,42
"549",2013-07-02,949,949
"550",2013-07-03,1087,1087
"551",2013-07-04,1114,1114
"552",2013-07-05,1159,1159
"553",2013-07-06,343,343
"554",2013-07-07,3,3
"555",2013-07-08,826,826
"556",2013-07-09,1043,1043
"557",2013-07-10,1195,1195
"558",2013-07-11,1224,1224
"559",2013-07-12,1274,1274
"560",2013-07-13,377,377
"561",2013-07-14,4,4
"562",2013-07-15,908,908
"563",2013-07-16,1146,1146
"564",2013-07-17,1314,1314
"565",2013-07-18,1346,1346
"566",2013-07-19,1401,1401
"567",2013-07-20,23,23
"568",2013-07-21,4,4
"569",2013-07-22,998,998
"570",2013-07-23,1260,1260
"571",2013-07-24,1444,1444
"572",2013-07-25,1479,1479
"573",2013-07-26,1540,1540
"574",2013-07-27,456,456
"575",2013-07-28,4,4
"576",2013-07-29,1097,1097
"577",2013-07-30,1385,1385
"578",2013-07-31,1587,1587
"579",2013-08-01,1070,1070
"580",2013-08-02,1114,1114
"581",2013-08-03,330,330
"582",2013-08-04,3,3
"583",2013-08-05,794,794
"584",2013-08-06,1002,1002
"585",2013-08-07,65,65
"586",2013-08-08,1176,1176
"587",2013-08-09,1225,1225
"588",2013-08-10,363,363
"589",2013-08-11,3,3
"590",2013-08-12,872,872
"591",2013-08-13,1102,1102
"592",2013-08-14,1263,1263
"593",2013-08-15,1293,1293
"594",2013-08-16,1346,1346
"595",2013-08-17,399,399
"596",2013-08-18,4,4
"597",2013-08-19,54,54
"598",2013-08-20,1211,1211
"599",2013-08-21,1388,1388
"600",2013-08-22,1421,1421
"601",2013-08-23,1480,1480
"602",2013-08-24,438,438
"603",2013-08-25,4,4
"604",2013-08-26,1054,1054
"605",2013-08-27,1331,1331
"606",2013-08-28,1525,1525
"607",2013-08-29,1562,1562
"608",2013-08-30,1626,1626
"609",2013-08-31,482,482
"610",2013-09-01,3,3
"611",2013-09-02,763,763
"612",2013-09-03,963,963
"613",2013-09-04,1104,1104
"614",2013-09-05,1130,1130
"615",2013-09-06,1177,1177
"616",2013-09-07,348,348
"617",2013-09-08,3,3
"618",2013-09-09,838,838
"619",2013-09-10,1059,1059
"620",2013-09-11,1213,1213
"621",2013-09-12,1242,1242
"622",2013-09-13,1294,1294
"623",2013-09-14,383,383
"624",2013-09-15,4,4
"625",2013-09-16,922,922
"626",2013-09-17,1164,1164
"627",2013-09-18,1334,1334
"628",2013-09-19,1366,1366
"629",2013-09-20,1422,1422
"630",2013-09-21,421,421
"631",2013-09-22,4,4
"632",2013-09-23,1013,1013
"633",2013-09-24,1279,1279
"634",2013-09-25,1466,1466
"635",2013-09-26,1501,1501
"636",2013-09-27,1563,1563
"637",2013-09-28,463,463
"638",2013-09-29,4,4
"639",2013-09-30,1113,1113
"640",2013-10-01,981,981
"641",2013-10-02,1124,1124
"642",2013-10-03,1151,1151
"643",2013-10-04,1199,1199
"644",2013-10-05,355,355
"645",2013-10-06,3,3
"646",2013-10-07,854,854
"647",2013-10-08,1078,1078
"648",2013-10-09,1236,1236
"649",2013-10-10,1265,1265
"650",2013-10-11,1318,1318
"651",2013-10-12,390,390
"652",2013-10-13,4,4
"653",2013-10-14,53,53
"654",2013-10-15,1185,1185
"655",2013-10-16,1358,1358
"656",2013-10-17,1391,1391
"657",2013-10-18,1448,1448
"658",2013-10-19,429,429
"659",2013-10-20,4,4
"660",2013-10-21,1032,1032
"661",2013-10-22,1303,1303
"662",2013-10-23,1493,1493
"663",2013-10-24,1529,1529
"664",2013-10-25,1592,1592
"665",2013-10-26,471,471
"666",2013-10-27,4,4
"667",2013-10-28,1134,1134
"668",2013-10-29,1432,1432
"669",2013-10-30,1641,1641
"670",2013-10-31,2134,2134
"671",2013-11-01,1152,1152
"672",2013-11-02,341,341
"673",2013-11-03,3,3
"674",2013-11-04,46,46
"675",2013-11-05,1036,1036
"676",2013-11-06,1187,1187
"677",2013-11-07,1216,1216
"678",2013-11-08,1266,1266
"679",2013-11-09,375,375
"680",2013-11-10,4,4
"681",2013-11-11,51,51
"682",2013-11-12,1139,1139
"683",2013-11-13,1305,1305
"684",2013-11-14,1337,1337
"685",2013-11-15,1392,1392
"686",2013-11-16,412,412
"687",2013-11-17,4,4
"688",2013-11-18,991,991
"689",2013-11-19,1252,1252
"690",2013-11-20,1435,1435
"691",2013-11-21,1469,1469
"692",2013-11-22,1530,1530
"693",2013-11-23,453,453
"694",2013-11-24,4,4
"695",2013-11-25,1090,1090
"696",2013-11-26,1376,1376
"697",2013-11-27,1577,1577
"698",2013-11-28,1615,1615
"699",2013-11-29,1681,1681
"700",2013-11-30,498,498
"701",2013-12-01,3,3
"702",2013-12-02,836,836
"703",2013-12-03,1055,1055
"704",2013-12-04,1209,1209
"705",2013-12-05,1239,1239
"706",2013-12-06,1289,1289
"707",2013-12-07,382,382
"708",2013-12-08,0,0
"709",2013-12-09,919,919
"710",2013-12-10,1160,1160
"711",2013-12-11,1329,1329
"712",2013-12-12,1361,1361
"713",2013-12-13,1417,1417
"714",2013-12-14,420,420
"715",2013-12-15,4,4
"716",2013-12-16,1010,1010
"717",2013-12-17,1275,1275
"718",2013-12-18,1461,1461
"719",2013-12-19,1496,1496
"720",2013-12-20,1558,1558
"721",2013-12-21,461,461
"722",2013-12-22,4,4
"723",2013-12-23,1110,1110
"724",2013-12-24,1401,1401
"725",2013-12-25,0,0
"726",2013-12-26,1645,1645
"727",2013-12-27,1713,1713
"728",2013-12-28,507,507
"729",2013-12-29,5,5
"730",2013-12-30,1220,1220
"731",2013-12-31,429,429
"732",2014-01-01,0,0
"733",2014-01-02,835,835
"734",2014-01-03,869,869
"735",2014-01-04,257,257
"736",2014-01-05,2,2
"737",2014-01-06,619,619
"738",2014-01-07,782,782
"739",2014-01-08,896,896
"740",2014-01-09,918,918
"741",2014-01-10,955,955
"742",2014-01-11,283,283
"743",2014-01-12,3,3
"744",2014-01-13,38,38
"745",2014-01-14,859,859
"746",2014-01-15,985,985
"747",2014-01-16,1009,1009
"748",2014-01-17,1050,1050
"749",2014-01-18,311,311
"750",2014-01-19,3,3
"751",2014-01-20,748,748
"752",2014-01-21,945,945
"753",2014-01-22,1083,1083
"754",2014-01-23,1109,1109
"755",2014-01-24,1154,1154
"756",2014-01-25,342,342
"757",2014-01-26,3,3
"758",2014-01-27,822,822
"759",2014-01-28,1038,1038
"760",2014-01-29,1190,1190
"761",2014-01-30,1219,1219
"762",2014-01-31,1269,1269
"763",2014-02-01,247,247
"764",2014-02-02,2,2
"765",2014-02-03,595,595
"766",2014-02-04,751,751
"767",2014-02-05,861,861
"768",2014-02-06,882,882
"769",2014-02-07,918,918
"770",2014-02-08,272,272
"771",2014-02-09,3,3
"772",2014-02-10,654,654
"773",2014-02-11,826,826
"774",2014-02-12,946,946
"775",2014-02-13,969,969
"776",2014-02-14,1009,1009
"777",2014-02-15,299,299
"778",2014-02-16,3,3
"779",2014-02-17,719,719
"780",2014-02-18,908,908
"781",2014-02-19,1040,1040
"782",2014-02-20,1065,1065
"783",2014-02-21,1109,1109
"784",2014-02-22,328,328
"785",2014-02-23,3,3
"786",2014-02-24,790,790
"787",2014-02-25,998,998
"788",2014-02-26,1144,1144
"789",2014-02-27,1171,1171
"790",2014-02-28,1219,1219
"791",2014-03-01,283,283
"792",2014-03-02,3,3
"793",2014-03-03,681,681
"794",2014-03-04,860,860
"795",2014-03-05,985,985
"796",2014-03-06,1009,1009
"797",2014-03-07,1050,1050
"798",2014-03-08,311,311
"799",2014-03-09,3,3
"800",2014-03-10,748,748
"801",2014-03-11,945,945
"802",2014-03-12,1083,1083
"803",2014-03-13,1109,1109
"804",2014-03-14,1155,1155
"805",2014-03-15,342,342
"806",2014-03-16,3,3
"807",2014-03-17,823,823
"808",2014-03-18,1039,1039
"809",2014-03-19,1190,1190
"810",2014-03-20,1219,1219
"811",2014-03-21,1269,1269
"812",2014-03-22,376,376
"813",2014-03-23,4,4
"814",2014-03-24,51,51
"815",2014-03-25,1142,1142
"816",2014-03-26,1308,1308
"817",2014-03-27,1340,1340
"818",2014-03-28,1395,1395
"819",2014-03-29,413,413
"820",2014-03-30,4,4
"821",2014-03-31,994,994
"822",2014-04-01,826,826
"823",2014-04-02,947,947
"824",2014-04-03,970,970
"825",2014-04-04,1009,1009
"826",2014-04-05,299,299
"827",2014-04-06,3,3
"828",2014-04-07,719,719
"829",2014-04-08,908,908
"830",2014-04-09,1041,1041
"831",2014-04-10,1066,1066
"832",2014-04-11,1110,1110
"833",2014-04-12,328,328
"834",2014-04-13,2,2
"835",2014-04-14,398,398
"836",2014-04-15,503,503
"837",2014-04-16,576,576
"838",2014-04-17,590,590
"839",2014-04-18,614,614
"840",2014-04-19,182,182
"841",2014-04-20,3,3
"842",2014-04-21,869,869
"843",2014-04-22,1097,1097
"844",2014-04-23,1257,1257
"845",2014-04-24,1288,1288
"846",2014-04-25,1341,1341
"847",2014-04-26,397,397
"848",2014-04-27,4,4
"849",2014-04-28,955,955
"850",2014-04-29,1206,1206
"851",2014-04-30,1382,1382
"852",2014-05-01,56,56
"853",2014-05-02,1028,1028
"854",2014-05-03,304,304
"855",2014-05-04,3,3
"856",2014-05-05,732,732
"857",2014-05-06,925,925
"858",2014-05-07,1060,1060
"859",2014-05-08,1085,1085
"860",2014-05-09,1130,1130
"861",2014-05-10,335,335
"862",2014-05-11,0,0
"863",2014-05-12,805,805
"864",2014-05-13,1017,1017
"865",2014-05-14,1165,1165
"866",2014-05-15,1193,1193
"867",2014-05-16,1242,1242
"868",2014-05-17,368,368
"869",2014-05-18,3,3
"870",2014-05-19,885,885
"871",2014-05-20,1117,1117
"872",2014-05-21,1281,1281
"873",2014-05-22,1311,1311
"874",2014-05-23,1365,1365
"875",2014-05-24,404,404
"876",2014-05-25,4,4
"877",2014-05-26,973,973
"878",2014-05-27,1228,1228
"879",2014-05-28,1408,1408
"880",2014-05-29,1442,1442
"881",2014-05-30,1501,1501
"882",2014-05-31,444,444
"883",2014-06-01,3,3
"884",2014-06-02,40,40
"885",2014-06-03,889,889
"886",2014-06-04,1019,1019
"887",2014-06-05,1043,1043
"888",2014-06-06,1086,1086
"889",2014-06-07,322,322
"890",2014-06-08,3,3
"891",2014-06-09,774,774
"892",2014-06-10,977,977
"893",2014-06-11,1120,1120
"894",2014-06-12,1146,1146
"895",2014-06-13,1194,1194
"896",2014-06-14,353,353
"897",2014-06-15,3,3
"898",2014-06-16,850,850
"899",2014-06-17,1074,1074
"900",2014-06-18,1231,1231
"901",2014-06-19,1260,1260
"902",2014-06-20,1312,1312
"903",2014-06-21,388,388
"904",2014-06-22,4,4
"905",2014-06-23,53,53
"906",2014-06-24,1180,1180
"907",2014-06-25,1353,1353
"908",2014-06-26,1385,1385
"909",2014-06-27,1442,1442
"910",2014-06-28,427,427
"911",2014-06-29,4,4
"912",2014-06-30,58,58
"913",2014-07-01,905,905
"914",2014-07-02,1037,1037
"915",2014-07-03,1062,1062
"916",2014-07-04,1106,1106
"917",2014-07-05,327,327
"918",2014-07-06,3,3
"919",2014-07-07,788,788
"920",2014-07-08,995,995
"921",2014-07-09,1140,1140
"922",2014-07-10,1168,1168
"923",2014-07-11,1216,1216
"924",2014-07-12,360,360
"925",2014-07-13,3,3
"926",2014-07-14,866,866
"927",2014-07-15,1094,1094
"928",2014-07-16,1253,1253
"929",2014-07-17,1284,1284
"930",2014-07-18,1336,1336
"931",2014-07-19,396,396
"932",2014-07-20,0,0
"933",2014-07-21,952,952
"934",2014-07-22,1202,1202
"935",2014-07-23,1378,1378
"936",2014-07-24,1411,1411
"937",2014-07-25,1469,1469
"938",2014-07-26,435,435
"939",2014-07-27,4,4
"940",2014-07-28,1046,1046
"941",2014-07-29,1321,1321
"942",2014-07-30,1514,1514
"943",2014-07-31,1551,1551
"944",2014-08-01,1063,1063
"945",2014-08-02,315,315
"946",2014-08-03,3,3
"947",2014-08-04,757,757
"948",2014-08-05,956,956
"949",2014-08-06,1096,1096
"950",2014-08-07,63,63
"951",2014-08-08,1168,1168
"952",2014-08-09,346,346
"953",2014-08-10,3,3
"954",2014-08-11,832,832
"955",2014-08-12,1051,1051
"956",2014-08-13,1204,1204
"957",2014-08-14,1233,1233
"958",2014-08-15,1284,1284
"959",2014-08-16,380,380
"960",2014-08-17,4,4
"961",2014-08-18,52,52
"962",2014-08-19,1155,1155
"963",2014-08-20,1324,1324
"964",2014-08-21,1356,1356
"965",2014-08-22,1412,1412
"966",2014-08-23,418,418
"967",2014-08-24,4,4
"968",2014-08-25,1006,1006
"969",2014-08-26,1270,1270
"970",2014-08-27,1455,1455
"971",2014-08-28,1490,1490
"972",2014-08-29,1552,1552
"973",2014-08-30,459,459
"974",2014-08-31,4,4
"975",2014-09-01,728,728
"976",2014-09-02,919,919
"977",2014-09-03,1053,1053
"978",2014-09-04,1078,1078
"979",2014-09-05,1123,1123
"980",2014-09-06,332,332
"981",2014-09-07,3,3
"982",2014-09-08,800,800
"983",2014-09-09,1010,1010
"984",2014-09-10,1157,1157
"985",2014-09-11,1185,1185
"986",2014-09-12,1234,1234
"987",2014-09-13,365,365
"988",2014-09-14,3,3
"989",2014-09-15,879,879
"990",2014-09-16,1110,1110
"991",2014-09-17,1272,1272
"992",2014-09-18,1303,1303
"993",2014-09-19,1356,1356
"994",2014-09-20,402,402
"995",2014-09-21,4,4
"996",2014-09-22,966,966
"997",2014-09-23,1220,1220
"998",2014-09-24,1398,1398
"999",2014-09-25,1432,1432
"1000",2014-09-26,1491,1491
"1001",2014-09-27,441,441
"1002",2014-09-28,4,4
"1003",2014-09-29,1062,1062
"1004",2014-09-30,1341,1341
"1005",2014-10-01,1072,1072
"1006",2014-10-02,1098,1098
"1007",2014-10-03,1143,1143
"1008",2014-10-04,339,339
"1009",2014-10-05,3,3
"1010",2014-10-06,815,815
"1011",2014-10-07,1029,1029
"1012",2014-10-08,1179,1179
"1013",2014-10-09,1207,1207
"1014",2014-10-10,1257,1257
"1015",2014-10-11,372,372
"1016",2014-10-12,4,4
"1017",2014-10-13,50,50
"1018",2014-10-14,1131,1131
"1019",2014-10-15,1296,1296
"1020",2014-10-16,1327,1327
"1021",2014-10-17,1382,1382
"1022",2014-10-18,409,409
"1023",2014-10-19,4,4
"1024",2014-10-20,984,984
"1025",2014-10-21,1243,1243
"1026",2014-10-22,1424,1424
"1027",2014-10-23,1459,1459
"1028",2014-10-24,1519,1519
"1029",2014-10-25,450,450
"1030",2014-10-26,4,4
"1031",2014-10-27,1082,1082
"1032",2014-10-28,1366,1366
"1033",2014-10-29,1566,1566
"1034",2014-10-30,1603,1603
"1035",2014-10-31,2120,2120
"1036",2014-11-01,325,325
"1037",2014-11-02,3,3
"1038",2014-11-03,44,44
"1039",2014-11-04,988,988
"1040",2014-11-05,1133,1133
"1041",2014-11-06,1160,1160
"1042",2014-11-07,1208,1208
"1043",2014-11-08,358,358
"1044",2014-11-09,3,3
"1045",2014-11-10,860,860
"1046",2014-11-11,1086,1086
"1047",2014-11-12,1245,1245
"1048",2014-11-13,1275,1275
"1049",2014-11-14,1328,1328
"1050",2014-11-15,393,393
"1051",2014-11-16,4,4
"1052",2014-11-17,53,53
"1053",2014-11-18,1194,1194
"1054",2014-11-19,1369,1369
"1055",2014-11-20,1402,1402
"1056",2014-11-21,1459,1459
"1057",2014-11-22,432,432
"1058",2014-11-23,4,4
"1059",2014-11-24,1040,1040
"1060",2014-11-25,1313,1313
"1061",2014-11-26,1504,1504
"1062",2014-11-27,1541,1541
"1063",2014-11-28,1604,1604
"1064",2014-11-29,475,475
"1065",2014-11-30,4,4
"1066",2014-12-01,797,797
"1067",2014-12-02,1007,1007
"1068",2014-12-03,1154,1154
"1069",2014-12-04,1181,1181
"1070",2014-12-05,1230,1230
"1071",2014-12-06,364,364
"1072",2014-12-07,3,3
"1073",2014-12-08,49,49
"1074",2014-12-09,1106,1106
"1075",2014-12-10,1268,1268
"1076",2014-12-11,1299,1299
"1077",2014-12-12,1352,1352
"1078",2014-12-13,400,400
"1079",2014-12-14,4,4
"1080",2014-12-15,963,963
"1081",2014-12-16,1216,1216
"1082",2014-12-17,1394,1394
"1083",2014-12-18,1428,1428
"1084",2014-12-19,1486,1486
"1085",2014-12-20,440,440
"1086",2014-12-21,4,4
"1087",2014-12-22,1059,1059
"1088",2014-12-23,1337,1337
"1089",2014-12-24,1532,1532
"1090",2014-12-25,0,0
"1091",2014-12-26,1634,1634
"1092",2014-12-27,484,484
"1093",2014-12-28,5,5
"1094",2014-12-29,1164,1164
"1095",2014-12-30,1470,1470
"1096",2014-12-31,469,469
"1097",2015-01-01,0,0
"1098",2015-01-02,829,829
"1099",2015-01-03,245,245
"1100",2015-01-04,2,2
"1101",2015-01-05,591,591
"1102",2015-01-06,746,746
"1103",2015-01-07,855,855
"1104",2015-01-08,875,875
"1105",2015-01-09,911,911
"1106",2015-01-10,270,270
"1107",2015-01-11,3,3
"1108",2015-01-12,37,37
"1109",2015-01-13,820,820
"1110",2015-01-14,940,940
"1111",2015-01-15,962,962
"1112",2015-01-16,1002,1002
"1113",2015-01-17,297,297
"1114",2015-01-18,3,3
"1115",2015-01-19,714,714
"1116",2015-01-20,901,901
"1117",2015-01-21,1033,1033
"1118",2015-01-22,1058,1058
"1119",2015-01-23,1101,1101
"1120",2015-01-24,326,326
"1121",2015-01-25,3,3
"1122",2015-01-26,784,784
"1123",2015-01-27,991,991
"1124",2015-01-28,1135,1135
"1125",2015-01-29,1163,1163
"1126",2015-01-30,1210,1210
"1127",2015-01-31,358,358
"1128",2015-02-01,2,2
"1129",2015-02-02,568,568
"1130",2015-02-03,717,717
"1131",2015-02-04,821,821
"1132",2015-02-05,841,841
"1133",2015-02-06,876,876
"1134",2015-02-07,259,259
"1135",2015-02-08,2,2
"1136",2015-02-09,624,624
"1137",2015-02-10,788,788
"1138",2015-02-11,903,903
"1139",2015-02-12,925,925
"1140",2015-02-13,963,963
"1141",2015-02-14,285,285
"1142",2015-02-15,3,3
"1143",2015-02-16,39,39
"1144",2015-02-17,866,866
"1145",2015-02-18,992,992
"1146",2015-02-19,1016,1016
"1147",2015-02-20,1058,1058
"1148",2015-02-21,313,313
"1149",2015-02-22,3,3
"1150",2015-02-23,754,754
"1151",2015-02-24,952,952
"1152",2015-02-25,1091,1091
"1153",2015-02-26,1117,1117
"1154",2015-02-27,1163,1163
"1155",2015-02-28,344,344
"1156",2015-03-01,3,3
"1157",2015-03-02,649,649
"1158",2015-03-03,820,820
"1159",2015-03-04,940,940
"1160",2015-03-05,962,962
"1161",2015-03-06,1002,1002
"1162",2015-03-07,297,297
"1163",2015-03-08,3,3
"1164",2015-03-09,714,714
"1165",2015-03-10,901,901
"1166",2015-03-11,1033,1033
"1167",2015-03-12,1058,1058
"1168",2015-03-13,1101,1101
"1169",2015-03-14,326,326
"1170",2015-03-15,3,3
"1171",2015-03-16,785,785
"1172",2015-03-17,991,991
"1173",2015-03-18,1136,1136
"1174",2015-03-19,1163,1163
"1175",2015-03-20,1211,1211
"1176",2015-03-21,358,358
"1177",2015-03-22,3,3
"1178",2015-03-23,49,49
"1179",2015-03-24,1089,1089
"1180",2015-03-25,1248,1248
"1181",2015-03-26,1278,1278
"1182",2015-03-27,1331,1331
"1183",2015-03-28,394,394
"1184",2015-03-29,2,2
"1185",2015-03-30,478,478
"1186",2015-03-31,603,603
"1187",2015-04-01,455,455
"1188",2015-04-02,466,466
"1189",2015-04-03,485,485
"1190",2015-04-04,144,144
"1191",2015-04-05,3,3
"1192",2015-04-06,686,686
"1193",2015-04-07,866,866
"1194",2015-04-08,993,993
"1195",2015-04-09,1017,1017
"1196",2015-04-10,1058,1058
"1197",2015-04-11,313,313
"1198",2015-04-12,3,3
"1199",2015-04-13,754,754
"1200",2015-04-14,952,952
"1201",2015-04-15,1091,1091
"1202",2015-04-16,1117,1117
"1203",2015-04-17,1163,1163
"1204",2015-04-18,344,344
"1205",2015-04-19,3,3
"1206",2015-04-20,829,829
"1207",2015-04-21,1047,1047
"1208",2015-04-22,1199,1199
"1209",2015-04-23,1228,1228
"1210",2015-04-24,1279,1279
"1211",2015-04-25,379,379
"1212",2015-04-26,4,4
"1213",2015-04-27,911,911
"1214",2015-04-28,1150,1150
"1215",2015-04-29,1318,1318
"1216",2015-04-30,1350,1350
"1217",2015-05-01,55,55
"1218",2015-05-02,290,290
"1219",2015-05-03,3,3
"1220",2015-05-04,699,699
"1221",2015-05-05,882,882
"1222",2015-05-06,1011,1011
"1223",2015-05-07,1035,1035
"1224",2015-05-08,1078,1078
"1225",2015-05-09,319,319
"1226",2015-05-10,0,0
"1227",2015-05-11,768,768
"1228",2015-05-12,970,970
"1229",2015-05-13,1111,1111
"1230",2015-05-14,1138,1138
"1231",2015-05-15,1185,1185
"1232",2015-05-16,351,351
"1233",2015-05-17,3,3
"1234",2015-05-18,48,48
"1235",2015-05-19,1066,1066
"1236",2015-05-20,1222,1222
"1237",2015-05-21,1251,1251
"1238",2015-05-22,1303,1303
"1239",2015-05-23,386,386
"1240",2015-05-24,4,4
"1241",2015-05-25,928,928
"1242",2015-05-26,1172,1172
"1243",2015-05-27,1343,1343
"1244",2015-05-28,1375,1375
"1245",2015-05-29,1432,1432
"1246",2015-05-30,424,424
"1247",2015-05-31,4,4
"1248",2015-06-01,671,671
"1249",2015-06-02,848,848
"1250",2015-06-03,972,972
"1251",2015-06-04,995,995
"1252",2015-06-05,1036,1036
"1253",2015-06-06,307,307
"1254",2015-06-07,3,3
"1255",2015-06-08,42,42
"1256",2015-06-09,932,932
"1257",2015-06-10,1068,1068
"1258",2015-06-11,1094,1094
"1259",2015-06-12,1139,1139
"1260",2015-06-13,337,337
"1261",2015-06-14,3,3
"1262",2015-06-15,46,46
"1263",2015-06-16,1024,1024
"1264",2015-06-17,1174,1174
"1265",2015-06-18,1202,1202
"1266",2015-06-19,1252,1252
"1267",2015-06-20,371,371
"1268",2015-06-21,3,3
"1269",2015-06-22,892,892
"1270",2015-06-23,1126,1126
"1271",2015-06-24,1290,1290
"1272",2015-06-25,1321,1321
"1273",2015-06-26,1376,1376
"1274",2015-06-27,407,407
"1275",2015-06-28,4,4
"1276",2015-06-29,55,55
"1277",2015-06-30,1238,1238
"1278",2015-07-01,990,990
"1279",2015-07-02,1013,1013
"1280",2015-07-03,1055,1055
"1281",2015-07-04,312,312
"1282",2015-07-05,3,3
"1283",2015-07-06,752,752
"1284",2015-07-07,949,949
"1285",2015-07-08,1088,1088
"1286",2015-07-09,1114,1114
"1287",2015-07-10,1160,1160
"1288",2015-07-11,343,343
"1289",2015-07-12,3,3
"1290",2015-07-13,826,826
"1291",2015-07-14,1043,1043
"1292",2015-07-15,1196,1196
"1293",2015-07-16,1224,1224
"1294",2015-07-17,1275,1275
"1295",2015-07-18,377,377
"1296",2015-07-19,4,4
"1297",2015-07-20,51,51
"1298",2015-07-21,1147,1147
"1299",2015-07-22,1314,1314
"1300",2015-07-23,1346,1346
"1301",2015-07-24,1401,1401
"1302",2015-07-25,415,415
"1303",2015-07-26,4,4
"1304",2015-07-27,998,998
"1305",2015-07-28,1260,1260
"1306",2015-07-29,1445,1445
"1307",2015-07-30,1479,1479
"1308",2015-07-31,1540,1540
"1309",2015-08-01,300,300
"1310",2015-08-02,3,3
"1311",2015-08-03,722,722
"1312",2015-08-04,912,912
"1313",2015-08-05,1045,1045
"1314",2015-08-06,1070,1070
"1315",2015-08-07,63,63
"1316",2015-08-08,330,330
"1317",2015-08-09,3,3
"1318",2015-08-10,794,794
"1319",2015-08-11,1002,1002
"1320",2015-08-12,1149,1149
"1321",2015-08-13,1177,1177
"1322",2015-08-14,1225,1225
"1323",2015-08-15,363,363
"1324",2015-08-16,3,3
"1325",2015-08-17,49,49
"1326",2015-08-18,1102,1102
"1327",2015-08-19,1263,1263
"1328",2015-08-20,1293,1293
"1329",2015-08-21,1347,1347
"1330",2015-08-22,399,399
"1331",2015-08-23,4,4
"1332",2015-08-24,959,959
"1333",2015-08-25,1211,1211
"1334",2015-08-26,1388,1388
"1335",2015-08-27,1422,1422
"1336",2015-08-28,1480,1480
"1337",2015-08-29,438,438
"1338",2015-08-30,4,4
"1339",2015-08-31,1054,1054
"1340",2015-09-01,876,876
"1341",2015-09-02,1004,1004
"1342",2015-09-03,1029,1029
"1343",2015-09-04,1071,1071
"1344",2015-09-05,317,317
"1345",2015-09-06,3,3
"1346",2015-09-07,763,763
"1347",2015-09-08,963,963
"1348",2015-09-09,1104,1104
"1349",2015-09-10,1131,1131
"1350",2015-09-11,1177,1177
"1351",2015-09-12,349,349
"1352",2015-09-13,3,3
"1353",2015-09-14,839,839
"1354",2015-09-15,1059,1059
"1355",2015-09-16,1214,1214
"1356",2015-09-17,1243,1243
"1357",2015-09-18,1294,1294
"1358",2015-09-19,383,383
"1359",2015-09-20,4,4
"1360",2015-09-21,922,922
"1361",2015-09-22,1164,1164
"1362",2015-09-23,1334,1334
"1363",2015-09-24,1366,1366
"1364",2015-09-25,1422,1422
"1365",2015-09-26,421,421
"1366",2015-09-27,4,4
"1367",2015-09-28,1013,1013
"1368",2015-09-29,1279,1279
"1369",2015-09-30,1466,1466
"1370",2015-10-01,1048,1048
"1371",2015-10-02,1091,1091
"1372",2015-10-03,323,323
"1373",2015-10-04,3,3
"1374",2015-10-05,777,777
"1375",2015-10-06,981,981
"1376",2015-10-07,1125,1125
"1377",2015-10-08,1152,1152
"1378",2015-10-09,1199,1199
"1379",2015-10-10,355,355
"1380",2015-10-11,3,3
"1381",2015-10-12,48,48
"1382",2015-10-13,1078,1078
"1383",2015-10-14,1236,1236
"1384",2015-10-15,1266,1266
"1385",2015-10-16,1318,1318
"1386",2015-10-17,390,390
"1387",2015-10-18,4,4
"1388",2015-10-19,939,939
"1389",2015-10-20,1185,1185
"1390",2015-10-21,1359,1359
"1391",2015-10-22,1391,1391
"1392",2015-10-23,1449,1449
"1393",2015-10-24,429,429
"1394",2015-10-25,4,4
"1395",2015-10-26,1032,1032
"1396",2015-10-27,1303,1303
"1397",2015-10-28,1493,1493
"1398",2015-10-29,1529,1529
"1399",2015-10-30,1592,1592
"1400",2015-10-31,599,599
"1401",2015-11-01,3,3
"1402",2015-11-02,42,42
"1403",2015-11-03,943,943
"1404",2015-11-04,1081,1081
"1405",2015-11-05,1107,1107
"1406",2015-11-06,1152,1152
"1407",2015-11-07,341,341
"1408",2015-11-08,3,3
"1409",2015-11-09,821,821
"1410",2015-11-10,1036,1036
"1411",2015-11-11,1188,1188
"1412",2015-11-12,1216,1216
"1413",2015-11-13,1266,1266
"1414",2015-11-14,375,375
"1415",2015-11-15,4,4
"1416",2015-11-16,51,51
"1417",2015-11-17,1139,1139
"1418",2015-11-18,1306,1306
"1419",2015-11-19,1337,1337
"1420",2015-11-20,1392,1392
"1421",2015-11-21,412,412
"1422",2015-11-22,4,4
"1423",2015-11-23,992,992
"1424",2015-11-24,1252,1252
"1425",2015-11-25,1435,1435
"1426",2015-11-26,1470,1470
"1427",2015-11-27,1530,1530
"1428",2015-11-28,453,453
"1429",2015-11-29,4,4
"1430",2015-11-30,1090,1090
"1431",2015-12-01,960,960
"1432",2015-12-02,1101,1101
"1433",2015-12-03,1127,1127
"1434",2015-12-04,1173,1173
"1435",2015-12-05,347,347
"1436",2015-12-06,3,3
"1437",2015-12-07,836,836
"1438",2015-12-08,60,60
"1439",2015-12-09,1210,1210
"1440",2015-12-10,1239,1239
"1441",2015-12-11,1290,1290
"1442",2015-12-12,382,382
"1443",2015-12-13,4,4
"1444",2015-12-14,919,919
"1445",2015-12-15,1160,1160
"1446",2015-12-16,1330,1330
"1447",2015-12-17,1362,1362
"1448",2015-12-18,1418,1418
"1449",2015-12-19,420,420
"1450",2015-12-20,4,4
"1451",2015-12-21,1010,1010
"1452",2015-12-22,1275,1275
"1453",2015-12-23,1462,1462
"1454",2015-12-24,1497,1497
"1455",2015-12-25,0,0
"1456",2015-12-26,461,461
"1457",2015-12-27,4,4
"1458",2015-12-28,1110,1110
"1459",2015-12-29,1402,1402
"1460",2015-12-30,1607,1607
"1461",2015-12-31,458,458
"1462",2016-01-01,0,0
"1463",2016-01-02,234,234
"1464",2016-01-03,2,2
"1465",2016-01-04,563,563
"1466",2016-01-05,711,711
"1467",2016-01-06,815,815
"1468",2016-01-07,835,835
"1469",2016-01-08,869,869
"1470",2016-01-09,257,257
"1471",2016-01-10,2,2
"1472",2016-01-11,35,35
"1473",2016-01-12,782,782
"1474",2016-01-13,896,896
"1475",2016-01-14,918,918
"1476",2016-01-15,956,956
"1477",2016-01-16,283,283
"1478",2016-01-17,3,3
"1479",2016-01-18,681,681
"1480",2016-01-19,860,860
"1481",2016-01-20,985,985
"1482",2016-01-21,1009,1009
"1483",2016-01-22,1050,1050
"1484",2016-01-23,311,311
"1485",2016-01-24,3,3
"1486",2016-01-25,748,748
"1487",2016-01-26,945,945
"1488",2016-01-27,1083,1083
"1489",2016-01-28,1109,1109
"1490",2016-01-29,1155,1155
"1491",2016-01-30,342,342
"1492",2016-01-31,3,3
"1493",2016-02-01,541,541
"1494",2016-02-02,684,684
"1495",2016-02-03,784,784
"1496",2016-02-04,802,802
"1497",2016-02-05,835,835
"1498",2016-02-06,247,247
"1499",2016-02-07,2,2
"1500",2016-02-08,34,34
"1501",2016-02-09,752,752
"1502",2016-02-10,861,861
"1503",2016-02-11,882,882
"1504",2016-02-12,918,918
"1505",2016-02-13,272,272
"1506",2016-02-14,3,3
"1507",2016-02-15,654,654
"1508",2016-02-16,826,826
"1509",2016-02-17,947,947
"1510",2016-02-18,970,970
"1511",2016-02-19,1009,1009
"1512",2016-02-20,299,299
"1513",2016-02-21,3,3
"1514",2016-02-22,719,719
"1515",2016-02-23,908,908
"1516",2016-02-24,1041,1041
"1517",2016-02-25,1066,1066
"1518",2016-02-26,1110,1110
"1519",2016-02-27,329,329
"1520",2016-02-28,3,3
"1521",2016-02-29,790,790
"1522",2016-03-01,738,738
"1523",2016-03-02,846,846
"1524",2016-03-03,866,866
"1525",2016-03-04,902,902
"1526",2016-03-05,267,267
"1527",2016-03-06,3,3
"1528",2016-03-07,642,642
"1529",2016-03-08,811,811
"1530",2016-03-09,930,930
"1531",2016-03-10,952,952
"1532",2016-03-11,991,991
"1533",2016-03-12,294,294
"1534",2016-03-13,3,3
"1535",2016-03-14,706,706
"1536",2016-03-15,892,892
"1537",2016-03-16,1022,1022
"1538",2016-03-17,1047,1047
"1539",2016-03-18,1090,1090
"1540",2016-03-19,323,323
"1541",2016-03-20,2,2
"1542",2016-03-21,391,391
"1543",2016-03-22,494,494
"1544",2016-03-23,566,566
"1545",2016-03-24,580,580
"1546",2016-03-25,603,603
"1547",2016-03-26,179,179
"1548",2016-03-27,3,3
"1549",2016-03-28,853,853
"1550",2016-03-29,1077,1077
"1551",2016-03-30,1235,1235
"1552",2016-03-31,1265,1265
"1553",2016-04-01,867,867
"1554",2016-04-02,257,257
"1555",2016-04-03,2,2
"1556",2016-04-04,617,617
"1557",2016-04-05,780,780
"1558",2016-04-06,893,893
"1559",2016-04-07,915,915
"1560",2016-04-08,953,953
"1561",2016-04-09,282,282
"1562",2016-04-10,3,3
"1563",2016-04-11,679,679
"1564",2016-04-12,857,857
"1565",2016-04-13,982,982
"1566",2016-04-14,1006,1006
"1567",2016-04-15,1047,1047
"1568",2016-04-16,310,310
"1569",2016-04-17,3,3
"1570",2016-04-18,746,746
"1571",2016-04-19,942,942
"1572",2016-04-20,1080,1080
"1573",2016-04-21,1106,1106
"1574",2016-04-22,1151,1151
"1575",2016-04-23,341,341
"1576",2016-04-24,3,3
"1577",2016-04-25,820,820
"1578",2016-04-26,1035,1035
"1579",2016-04-27,1187,1187
"1580",2016-04-28,1215,1215
"1581",2016-04-29,1265,1265
"1582",2016-04-30,375,375
"1583",2016-05-01,0,0
"1584",2016-05-02,629,629
"1585",2016-05-03,794,794
"1586",2016-05-04,910,910
"1587",2016-05-05,932,932
"1588",2016-05-06,970,970
"1589",2016-05-07,287,287
"1590",2016-05-08,0,0
"1591",2016-05-09,39,39
"1592",2016-05-10,873,873
"1593",2016-05-11,1000,1000
"1594",2016-05-12,1024,1024
"1595",2016-05-13,1067,1067
"1596",2016-05-14,316,316
"1597",2016-05-15,3,3
"1598",2016-05-16,760,760
"1599",2016-05-17,959,959
"1600",2016-05-18,1100,1100
"1601",2016-05-19,1126,1126
"1602",2016-05-20,1172,1172
"1603",2016-05-21,347,347
"1604",2016-05-22,3,3
"1605",2016-05-23,835,835
"1606",2016-05-24,1055,1055
"1607",2016-05-25,1209,1209
"1608",2016-05-26,1238,1238
"1609",2016-05-27,1289,1289
"1610",2016-05-28,382,382
"1611",2016-05-29,4,4
"1612",2016-05-30,52,52
"1613",2016-05-31,1159,1159
"1614",2016-06-01,874,874
"1615",2016-06-02,896,896
"1616",2016-06-03,932,932
"1617",2016-06-04,276,276
"1618",2016-06-05,3,3
"1619",2016-06-06,37,37
"1620",2016-06-07,839,839
"1621",2016-06-08,961,961
"1622",2016-06-09,984,984
"1623",2016-06-10,1025,1025
"1624",2016-06-11,303,303
"1625",2016-06-12,3,3
"1626",2016-06-13,730,730
"1627",2016-06-14,922,922
"1628",2016-06-15,1057,1057
"1629",2016-06-16,1082,1082
"1630",2016-06-17,1127,1127
"1631",2016-06-18,334,334
"1632",2016-06-19,3,3
"1633",2016-06-20,803,803
"1634",2016-06-21,1013,1013
"1635",2016-06-22,1161,1161
"1636",2016-06-23,1189,1189
"1637",2016-06-24,1238,1238
"1638",2016-06-25,367,367
"1639",2016-06-26,3,3
"1640",2016-06-27,882,882
"1641",2016-06-28,1114,1114
"1642",2016-06-29,1277,1277
"1643",2016-06-30,1307,1307
"1644",2016-07-01,950,950
"1645",2016-07-02,281,281
"1646",2016-07-03,3,3
"1647",2016-07-04,38,38
"1648",2016-07-05,854,854
"1649",2016-07-06,979,979
"1650",2016-07-07,1003,1003
"1651",2016-07-08,1044,1044
"1652",2016-07-09,309,309
"1653",2016-07-10,3,3
"1654",2016-07-11,744,744
"1655",2016-07-12,939,939
"1656",2016-07-13,1076,1076
"1657",2016-07-14,1102,1102
"1658",2016-07-15,1147,1147
"1659",2016-07-16,340,340
"1660",2016-07-17,3,3
"1661",2016-07-18,817,817
"1662",2016-07-19,1032,1032
"1663",2016-07-20,67,67
"1664",2016-07-21,1211,1211
"1665",2016-07-22,1261,1261
"1666",2016-07-23,373,373
"1667",2016-07-24,4,4
"1668",2016-07-25,898,898
"1669",2016-07-26,1134,1134
"1670",2016-07-27,1300,1300
"1671",2016-07-28,1331,1331
"1672",2016-07-29,1386,1386
"1673",2016-07-30,410,410
"1674",2016-07-31,4,4
"1675",2016-08-01,650,650
"1676",2016-08-02,821,821
"1677",2016-08-03,941,941
"1678",2016-08-04,963,963
"1679",2016-08-05,1003,1003
"1680",2016-08-06,297,297
"1681",2016-08-07,0,0
"1682",2016-08-08,715,715
"1683",2016-08-09,902,902
"1684",2016-08-10,1034,1034
"1685",2016-08-11,1059,1059
"1686",2016-08-12,1103,1103
"1687",2016-08-13,326,326
"1688",2016-08-14,3,3
"1689",2016-08-15,44,44
"1690",2016-08-16,992,992
"1691",2016-08-17,1137,1137
"1692",2016-08-18,1164,1164
"1693",2016-08-19,1212,1212
"1694",2016-08-20,359,359
"1695",2016-08-21,3,3
"1696",2016-08-22,863,863
"1697",2016-08-23,1090,1090
"1698",2016-08-24,1249,1249
"1699",2016-08-25,1279,1279
"1700",2016-08-26,1332,1332
"1701",2016-08-27,394,394
"1702",2016-08-28,4,4
"1703",2016-08-29,949,949
"1704",2016-08-30,1198,1198
"1705",2016-08-31,1373,1373
"1706",2016-09-01,926,926
"1707",2016-09-02,964,964
"1708",2016-09-03,285,285
"1709",2016-09-04,3,3
"1710",2016-09-05,687,687
"1711",2016-09-06,867,867
"1712",2016-09-07,994,994
"1713",2016-09-08,1018,1018
"1714",2016-09-09,1059,1059
"1715",2016-09-10,314,314
"1716",2016-09-11,3,3
"1717",2016-09-12,755,755
"1718",2016-09-13,953,953
"1719",2016-09-14,1092,1092
"1720",2016-09-15,1119,1119
"1721",2016-09-16,1165,1165
"1722",2016-09-17,345,345
"1723",2016-09-18,3,3
"1724",2016-09-19,830,830
"1725",2016-09-20,1048,1048
"1726",2016-09-21,1201,1201
"1727",2016-09-22,1230,1230
"1728",2016-09-23,1280,1280
"1729",2016-09-24,379,379
"1730",2016-09-25,4,4
"1731",2016-09-26,912,912
"1732",2016-09-27,1151,1151
"1733",2016-09-28,1320,1320
"1734",2016-09-29,1351,1351
"1735",2016-09-30,1407,1407
"1736",2016-10-01,291,291
"1737",2016-10-02,3,3
"1738",2016-10-03,699,699
"1739",2016-10-04,883,883
"1740",2016-10-05,1012,1012
"1741",2016-10-06,1036,1036
"1742",2016-10-07,1079,1079
"1743",2016-10-08,319,319
"1744",2016-10-09,3,3
"1745",2016-10-10,769,769
"1746",2016-10-11,971,971
"1747",2016-10-12,1112,1112
"1748",2016-10-13,1139,1139
"1749",2016-10-14,1186,1186
"1750",2016-10-15,351,351
"1751",2016-10-16,3,3
"1752",2016-10-17,48,48
"1753",2016-10-18,1067,1067
"1754",2016-10-19,1223,1223
"1755",2016-10-20,1252,1252
"1756",2016-10-21,1304,1304
"1757",2016-10-22,386,386
"1758",2016-10-23,4,4
"1759",2016-10-24,929,929
"1760",2016-10-25,1173,1173
"1761",2016-10-26,1344,1344
"1762",2016-10-27,1376,1376
"1763",2016-10-28,1433,1433
"1764",2016-10-29,424,424
"1765",2016-10-30,4,4
"1766",2016-10-31,1297,1297
"1767",2016-11-01,849,849
"1768",2016-11-02,973,973
"1769",2016-11-03,996,996
"1770",2016-11-04,1037,1037
"1771",2016-11-05,307,307
"1772",2016-11-06,3,3
"1773",2016-11-07,42,42
"1774",2016-11-08,933,933
"1775",2016-11-09,1069,1069
"1776",2016-11-10,1095,1095
"1777",2016-11-11,1140,1140
"1778",2016-11-12,337,337
"1779",2016-11-13,3,3
"1780",2016-11-14,46,46
"1781",2016-11-15,1025,1025
"1782",2016-11-16,1175,1175
"1783",2016-11-17,1203,1203
"1784",2016-11-18,1253,1253
"1785",2016-11-19,371,371
"1786",2016-11-20,4,4
"1787",2016-11-21,893,893
"1788",2016-11-22,1127,1127
"1789",2016-11-23,1292,1292
"1790",2016-11-24,1323,1323
"1791",2016-11-25,1377,1377
"1792",2016-11-26,408,408
"1793",2016-11-27,4,4
"1794",2016-11-28,981,981
"1795",2016-11-29,1239,1239
"1796",2016-11-30,1420,1420
"1797",2016-12-01,1014,1014
"1798",2016-12-02,1056,1056
"1799",2016-12-03,313,313
"1800",2016-12-04,3,3
"1801",2016-12-05,752,752
"1802",2016-12-06,950,950
"1803",2016-12-07,1089,1089
"1804",2016-12-08,63,63
"1805",2016-12-09,1161,1161
"1806",2016-12-10,344,344
"1807",2016-12-11,3,3
"1808",2016-12-12,827,827
"1809",2016-12-13,1044,1044
"1810",2016-12-14,1197,1197
"1811",2016-12-15,1226,1226
"1812",2016-12-16,1276,1276
"1813",2016-12-17,378,378
"1814",2016-12-18,4,4
"1815",2016-12-19,909,909
"1816",2016-12-20,1148,1148
"1817",2016-12-21,1316,1316
"1818",2016-12-22,1347,1347
"1819",2016-12-23,1403,1403
"1820",2016-12-24,415,415
"1821",2016-12-25,0,0
"1822",2016-12-26,999,999
"1823",2016-12-27,1262,1262
"1824",2016-12-28,1446,1446
"1825",2016-12-29,1481,1481
"1826",2016-12-30,1542,1542
"1827",2016-12-31,127,127
"1828",2017-01-01,0,0
"1829",2017-01-02,507,507
"1830",2017-01-03,640,640
"1831",2017-01-04,734,734
"1832",2017-01-05,752,752
"1833",2017-01-06,782,782
"1834",2017-01-07,232,232
"1835",2017-01-08,2,2
"1836",2017-01-09,31,31
"1837",2017-01-10,704,704
"1838",2017-01-11,807,807
"1839",2017-01-12,826,826
"1840",2017-01-13,860,860
"1841",2017-01-14,255,255
"1842",2017-01-15,2,2
"1843",2017-01-16,613,613
"1844",2017-01-17,774,774
"1845",2017-01-18,887,887
"1846",2017-01-19,908,908
"1847",2017-01-20,945,945
"1848",2017-01-21,280,280
"1849",2017-01-22,3,3
"1850",2017-01-23,674,674
"1851",2017-01-24,850,850
"1852",2017-01-25,975,975
"1853",2017-01-26,998,998
"1854",2017-01-27,1039,1039
"1855",2017-01-28,308,308
"1856",2017-01-29,3,3
"1857",2017-01-30,740,740
"1858",2017-01-31,935,935
"1859",2017-02-01,705,705
"1860",2017-02-02,722,722
"1861",2017-02-03,752,752
"1862",2017-02-04,223,223
"1863",2017-02-05,2,2
"1864",2017-02-06,536,536
"1865",2017-02-07,676,676
"1866",2017-02-08,775,775
"1867",2017-02-09,794,794
"1868",2017-02-10,827,827
"1869",2017-02-11,245,245
"1870",2017-02-12,2,2
"1871",2017-02-13,589,589
"1872",2017-02-14,743,743
"1873",2017-02-15,852,852
"1874",2017-02-16,873,873
"1875",2017-02-17,909,909
"1876",2017-02-18,269,269
"1877",2017-02-19,3,3
"1878",2017-02-20,647,647
"1879",2017-02-21,817,817
"1880",2017-02-22,937,937
"1881",2017-02-23,959,959
"1882",2017-02-24,999,999
"1883",2017-02-25,296,296
"1884",2017-02-26,3,3
"1885",2017-02-27,40,40
"1886",2017-02-28,898,898
"1887",2017-03-01,807,807
"1888",2017-03-02,826,826
"1889",2017-03-03,860,860
"1890",2017-03-04,255,255
"1891",2017-03-05,2,2
"1892",2017-03-06,613,613
"1893",2017-03-07,774,774
"1894",2017-03-08,887,887
"1895",2017-03-09,908,908
"1896",2017-03-10,946,946
"1897",2017-03-11,280,280
"1898",2017-03-12,3,3
"1899",2017-03-13,674,674
"1900",2017-03-14,851,851
"1901",2017-03-15,975,975
"1902",2017-03-16,998,998
"1903",2017-03-17,1040,1040
"1904",2017-03-18,308,308
"1905",2017-03-19,3,3
"1906",2017-03-20,42,42
"1907",2017-03-21,935,935
"1908",2017-03-22,1072,1072
"1909",2017-03-23,1097,1097
"1910",2017-03-24,1143,1143
"1911",2017-03-25,338,338
"1912",2017-03-26,3,3
"1913",2017-03-27,814,814
"1914",2017-03-28,1028,1028
"1915",2017-03-29,1178,1178
"1916",2017-03-30,1206,1206
"1917",2017-03-31,1256,1256
"1918",2017-04-01,245,245
"1919",2017-04-02,2,2
"1920",2017-04-03,589,589
"1921",2017-04-04,744,744
"1922",2017-04-05,852,852
"1923",2017-04-06,873,873
"1924",2017-04-07,909,909
"1925",2017-04-08,269,269
"1926",2017-04-09,1,1
"1927",2017-04-10,326,326
"1928",2017-04-11,412,412
"1929",2017-04-12,472,472
"1930",2017-04-13,483,483
"1931",2017-04-14,503,503
"1932",2017-04-15,149,149
"1933",2017-04-16,3,3
"1934",2017-04-17,712,712
"1935",2017-04-18,899,899
"1936",2017-04-19,1030,1030
"1937",2017-04-20,1055,1055
"1938",2017-04-21,1098,1098
"1939",2017-04-22,325,325
"1940",2017-04-23,3,3
"1941",2017-04-24,782,782
"1942",2017-04-25,988,988
"1943",2017-04-26,1132,1132
"1944",2017-04-27,1159,1159
"1945",2017-04-28,1207,1207
"1946",2017-04-29,357,357
"1947",2017-04-30,3,3
"1948",2017-05-01,34,34
"1949",2017-05-02,757,757
"1950",2017-05-03,868,868
"1951",2017-05-04,889,889
"1952",2017-05-05,926,926
"1953",2017-05-06,274,274
"1954",2017-05-07,3,3
"1955",2017-05-08,659,659
"1956",2017-05-09,833,833
"1957",2017-05-10,954,954
"1958",2017-05-11,977,977
"1959",2017-05-12,1017,1017
"1960",2017-05-13,301,301
"1961",2017-05-14,0,0
"1962",2017-05-15,725,725
"1963",2017-05-16,915,915
"1964",2017-05-17,1049,1049
"1965",2017-05-18,1074,1074
"1966",2017-05-19,1118,1118
"1967",2017-05-20,331,331
"1968",2017-05-21,3,3
"1969",2017-05-22,797,797
"1970",2017-05-23,1006,1006
"1971",2017-05-24,1153,1153
"1972",2017-05-25,1181,1181
"1973",2017-05-26,1229,1229
"1974",2017-05-27,364,364
"1975",2017-05-28,3,3
"1976",2017-05-29,49,49
"1977",2017-05-30,1106,1106
"1978",2017-05-31,1267,1267
"1979",2017-06-01,854,854
"1980",2017-06-02,889,889
"1981",2017-06-03,263,263
"1982",2017-06-04,2,2
"1983",2017-06-05,634,634
"1984",2017-06-06,800,800
"1985",2017-06-07,917,917
"1986",2017-06-08,939,939
"1987",2017-06-09,978,978
"1988",2017-06-10,289,289
"1989",2017-06-11,3,3
"1990",2017-06-12,696,696
"1991",2017-06-13,879,879
"1992",2017-06-14,1008,1008
"1993",2017-06-15,1032,1032
"1994",2017-06-16,1075,1075
"1995",2017-06-17,318,318
"1996",2017-06-18,3,3
"1997",2017-06-19,43,43
"1998",2017-06-20,967,967
"1999",2017-06-21,1108,1108
"2000",2017-06-22,1135,1135
"2001",2017-06-23,1181,1181
"2002",2017-06-24,350,350
"2003",2017-06-25,3,3
"2004",2017-06-26,47,47
"2005",2017-06-27,1063,1063
"2006",2017-06-28,1218,1218
"2007",2017-06-29,1247,1247
"2008",2017-06-30,1298,1298
"2009",2017-07-01,268,268
"2010",2017-07-02,3,3
"2011",2017-07-03,36,36
"2012",2017-07-04,815,815
"2013",2017-07-05,934,934
"2014",2017-07-06,956,956
"2015",2017-07-07,996,996
"2016",2017-07-08,295,295
"2017",2017-07-09,3,3
"2018",2017-07-10,709,709
"2019",2017-07-11,896,896
"2020",2017-07-12,1027,1027
"2021",2017-07-13,1051,1051
"2022",2017-07-14,1095,1095
"2023",2017-07-15,324,324
"2024",2017-07-16,3,3
"2025",2017-07-17,780,780
"2026",2017-07-18,985,985
"2027",2017-07-19,1128,1128
"2028",2017-07-20,65,65
"2029",2017-07-21,1203,1203
"2030",2017-07-22,356,356
"2031",2017-07-23,3,3
"2032",2017-07-24,857,857
"2033",2017-07-25,1082,1082
"2034",2017-07-26,1240,1240
"2035",2017-07-27,1270,1270
"2036",2017-07-28,1322,1322
"2037",2017-07-29,392,392
"2038",2017-07-30,4,4
"2039",2017-07-31,942,942
"2040",2017-08-01,783,783
"2041",2017-08-02,897,897
"2042",2017-08-03,919,919
"2043",2017-08-04,957,957
"2044",2017-08-05,283,283
"2045",2017-08-06,3,3
"2046",2017-08-07,38,38
"2047",2017-08-08,861,861
"2048",2017-08-09,986,986
"2049",2017-08-10,1010,1010
"2050",2017-08-11,1052,1052
"2051",2017-08-12,311,311
"2052",2017-08-13,3,3
"2053",2017-08-14,749,749
"2054",2017-08-15,946,946
"2055",2017-08-16,1084,1084
"2056",2017-08-17,1110,1110
"2057",2017-08-18,1156,1156
"2058",2017-08-19,342,342
"2059",2017-08-20,3,3
"2060",2017-08-21,46,46
"2061",2017-08-22,1040,1040
"2062",2017-08-23,1192,1192
"2063",2017-08-24,1221,1221
"2064",2017-08-25,1271,1271
"2065",2017-08-26,376,376
"2066",2017-08-27,4,4
"2067",2017-08-28,905,905
"2068",2017-08-29,1143,1143
"2069",2017-08-30,1310,1310
"2070",2017-08-31,1342,1342
"2071",2017-09-01,919,919
"2072",2017-09-02,272,272
"2073",2017-09-03,3,3
"2074",2017-09-04,655,655
"2075",2017-09-05,827,827
"2076",2017-09-06,948,948
"2077",2017-09-07,971,971
"2078",2017-09-08,1011,1011
"2079",2017-09-09,299,299
"2080",2017-09-10,3,3
"2081",2017-09-11,720,720
"2082",2017-09-12,909,909
"2083",2017-09-13,1042,1042
"2084",2017-09-14,1067,1067
"2085",2017-09-15,1111,1111
"2086",2017-09-16,329,329
"2087",2017-09-17,3,3
"2088",2017-09-18,791,791
"2089",2017-09-19,999,999
"2090",2017-09-20,1145,1145
"2091",2017-09-21,1173,1173
"2092",2017-09-22,1221,1221
"2093",2017-09-23,362,362
"2094",2017-09-24,3,3
"2095",2017-09-25,870,870
"2096",2017-09-26,1098,1098
"2097",2017-09-27,1259,1259
"2098",2017-09-28,1289,1289
"2099",2017-09-29,1342,1342
"2100",2017-09-30,397,397
"2101",2017-10-01,3,3
"2102",2017-10-02,667,667
"2103",2017-10-03,842,842
"2104",2017-10-04,965,965
"2105",2017-10-05,989,989
"2106",2017-10-06,1029,1029
"2107",2017-10-07,305,305
"2108",2017-10-08,3,3
"2109",2017-10-09,733,733
"2110",2017-10-10,926,926
"2111",2017-10-11,1061,1061
"2112",2017-10-12,1087,1087
"2113",2017-10-13,1132,1132
"2114",2017-10-14,335,335
"2115",2017-10-15,3,3
"2116",2017-10-16,45,45
"2117",2017-10-17,1018,1018
"2118",2017-10-18,1167,1167
"2119",2017-10-19,1195,1195
"2120",2017-10-20,1244,1244
"2121",2017-10-21,368,368
"2122",2017-10-22,3,3
"2123",2017-10-23,886,886
"2124",2017-10-24,1119,1119
"2125",2017-10-25,1282,1282
"2126",2017-10-26,1313,1313
"2127",2017-10-27,1367,1367
"2128",2017-10-28,405,405
"2129",2017-10-29,4,4
"2130",2017-10-30,974,974
"2131",2017-10-31,1562,1562
"2132",2017-11-01,928,928
"2133",2017-11-02,950,950
"2134",2017-11-03,989,989
"2135",2017-11-04,293,293
"2136",2017-11-05,3,3
"2137",2017-11-06,40,40
"2138",2017-11-07,890,890
"2139",2017-11-08,1020,1020
"2140",2017-11-09,1044,1044
"2141",2017-11-10,1087,1087
"2142",2017-11-11,322,322
"2143",2017-11-12,3,3
"2144",2017-11-13,44,44
"2145",2017-11-14,978,978
"2146",2017-11-15,1121,1121
"2147",2017-11-16,1148,1148
"2148",2017-11-17,1195,1195
"2149",2017-11-18,354,354
"2150",2017-11-19,3,3
"2151",2017-11-20,851,851
"2152",2017-11-21,1075,1075
"2153",2017-11-22,1232,1232
"2154",2017-11-23,1262,1262
"2155",2017-11-24,1314,1314
"2156",2017-11-25,389,389
"2157",2017-11-26,4,4
"2158",2017-11-27,936,936
"2159",2017-11-28,1182,1182
"2160",2017-11-29,1354,1354
"2161",2017-11-30,1387,1387
"2162",2017-12-01,1007,1007
"2163",2017-12-02,298,298
"2164",2017-12-03,3,3
"2165",2017-12-04,718,718
"2166",2017-12-05,906,906
"2167",2017-12-06,1039,1039
"2168",2017-12-07,1064,1064
"2169",2017-12-08,62,62
"2170",2017-12-09,328,328
"2171",2017-12-10,3,3
"2172",2017-12-11,789,789
"2173",2017-12-12,996,996
"2174",2017-12-13,1142,1142
"2175",2017-12-14,1169,1169
"2176",2017-12-15,1217,1217
"2177",2017-12-16,360,360
"2178",2017-12-17,3,3
"2179",2017-12-18,867,867
"2180",2017-12-19,1095,1095
"2181",2017-12-20,1255,1255
"2182",2017-12-21,1285,1285
"2183",2017-12-22,1338,1338
"2184",2017-12-23,396,396
"2185",2017-12-24,4,4
"2186",2017-12-25,0,0
"2187",2017-12-26,1204,1204
"2188",2017-12-27,1379,1379
"2189",2017-12-28,1413,1413
"2190",2017-12-29,1471,1471
"2191",2017-12-30,435,435
"2192",2017-12-31,1,1
